run,episode,cumulative_reward,mean_waiting_time,elapsed_time
0,0,-4254.0,20.14915839653105,92.43966698646544
0,1,-360.0,20.206559387581844,82.19708943367004
0,2,-4120.0,19.67806982267447,92.12368416786194
0,3,6005.0,19.753139677588827,78.51394009590149
0,4,-832.0,19.187648558641857,89.39889168739319
0,5,996.0,18.28106201701238,82.92534184455872
0,6,-1534.0,19.969356724093107,86.87074279785156
0,7,-846.0,18.136198378970647,87.7996551990509
0,8,3641.0,19.0789934906968,84.70543551445007
0,9,-5899.0,18.534386226482106,80.32975602149963
0,10,2539.0,17.47594667110922,77.47367906570435
0,11,2629.0,17.670893746475336,62.183289766311646
0,12,-4045.0,16.874466735762788,64.50472474098206
0,13,3043.0,17.212476463412465,55.71591591835022
0,14,263.0,16.970479993956925,56.59270715713501
0,15,-6476.0,17.2793607551831,71.9147367477417
0,16,5796.0,16.72011706753861,49.356099128723145
0,17,163.0,16.50829443874744,68.0525803565979
0,18,-3023.0,17.071527535185243,76.38195824623108
0,19,2370.0,16.23657424185383,57.58141374588013
0,20,2684.0,15.118114653131924,58.68567752838135
0,21,-7617.0,16.360966674198046,62.1621036529541
0,22,5506.0,15.278596048994018,60.58634567260742
0,23,-1139.0,16.370703758190743,70.03007054328918
0,24,515.0,16.35418816212857,73.89840388298035
0,25,2725.0,15.14421071161822,44.84393858909607
0,26,-858.0,15.871374202829267,73.90075850486755
0,27,693.0,15.760943662108089,57.99369812011719
0,28,752.0,15.122635232919851,61.732866287231445
0,29,-5453.0,14.960267699587655,56.25498294830322
0,30,3803.0,14.720642257233658,54.32058596611023
0,31,-248.0,15.629873389287388,63.43061995506287
0,32,-101.0,14.331193576375684,67.7554612159729
0,33,-200.0,14.63106415726646,63.91573715209961
0,34,1000.0,15.267133066463137,57.447428703308105
0,35,586.0,13.875941580766025,56.54907274246216
0,36,-2179.0,14.118368415034343,46.14937138557434
0,37,1917.0,14.289194609291457,56.88582849502564
0,38,-3388.0,13.812146693690956,51.26216650009155
0,39,2728.0,14.38900216282246,54.161067485809326
0,40,-602.0,13.92403207531292,43.85648369789124
0,41,1640.0,13.598504387039783,51.58316898345947
0,42,-812.0,13.342263971558127,54.25186848640442
0,43,375.0,13.44075689584605,47.16405987739563
0,44,453.0,14.153410410254445,57.57176566123962
0,45,-2187.0,13.16187151989086,50.31501364707947
0,46,-2105.0,13.2464268901545,44.87064552307129
0,47,3707.0,13.704705942522487,57.38571619987488
0,48,-1309.0,13.275171642232086,54.57660794258118
0,49,673.0,13.36669129323417,48.57249402999878
0,50,-1343.0,13.599672707609924,50.637598514556885
0,51,135.0,12.943331818950636,51.87426471710205
0,52,2911.0,12.602486170572115,43.66792035102844
0,53,-770.0,13.088402787647286,54.347975969314575
0,54,-1728.0,13.30840755257999,56.20343732833862
0,55,-1463.0,12.847559408528143,52.35124444961548
0,56,3030.0,12.7364711579579,54.61555814743042
0,57,-1575.0,12.698467627846975,54.8359272480011
0,58,1514.0,12.583206185476165,52.60223031044006
0,59,438.0,12.443477046435651,47.94094944000244
0,60,-388.0,12.216634507386042,47.87673497200012
0,61,624.0,13.019373469625371,51.90773963928223
0,62,-197.0,12.437790281136513,53.61939215660095
0,63,-491.0,12.693988277102765,42.58360433578491
0,64,262.0,13.173418654361592,40.25042271614075
0,65,-1531.0,11.961671120644148,44.7284152507782
0,66,808.0,12.397394031279044,50.74261164665222
0,67,1130.0,12.44197271374702,53.09819841384888
0,68,-1211.0,12.207568779545966,52.10397171974182
0,69,-51.0,12.401591765370004,51.4699137210846
0,70,-498.0,12.043723693183637,43.01539349555969
0,71,-3395.0,12.315775491278348,46.39849495887756
0,72,5023.0,11.974044289817355,39.97243857383728
0,73,-77.0,11.788008195707413,41.71347784996033
0,74,-579.0,12.018400229340989,37.4099018573761
0,75,-377.0,11.963782763347089,45.62578439712525
0,76,1346.0,11.629129707225031,50.471970319747925
0,77,-270.0,11.654695502834436,41.73841905593872
0,78,394.0,11.78860711380452,49.62636470794678
0,79,-2396.0,12.031159583739818,46.08141303062439
0,80,1973.0,11.300682778020294,41.21910715103149
0,81,-195.0,11.503784980832004,39.77646827697754
0,82,-937.0,10.874248500485283,38.70841836929321
0,83,889.0,11.434618645733275,41.51574230194092
0,84,31.0,11.573296258050537,38.23614931106568
0,85,87.0,11.068622494576369,43.684587717056274
0,86,-718.0,10.991382919646512,45.16223478317261
0,87,81.0,11.238901565148971,45.01172637939453
0,88,-249.0,12.200464639102732,38.86805105209351
0,89,1085.0,11.56365981462059,42.050386905670166
0,90,-370.0,11.124816837165849,40.22198414802551
0,91,-882.0,11.03112081651726,43.8288140296936
0,92,439.0,11.543595146093685,43.35173964500427
0,93,418.0,10.918982424027796,37.98665499687195
0,94,609.0,10.82155112335404,41.528374433517456
0,95,-1230.0,11.276581298771571,39.42166042327881
0,96,-3328.0,11.16687053696348,40.62558579444885
0,97,3723.0,10.66481778927313,40.06207346916199
0,98,26.0,11.092983496486443,39.8402054309845
0,99,-612.0,10.30277052408792,38.168195724487305
0,100,719.0,10.890469974188804,46.52562594413757
0,101,-264.0,10.572729004653027,45.29716086387634
0,102,-298.0,10.741227594150752,39.366857051849365
0,103,-2101.0,11.007903354275603,44.17009854316712
0,104,2124.0,10.28414906204806,38.212634563446045
0,105,92.0,10.559710990790167,39.75950050354004
0,106,270.0,10.584229541642864,36.757720947265625
0,107,1343.0,10.792371926434669,40.10150861740112
0,108,-441.0,10.302655151050176,37.31135678291321
0,109,-892.0,10.668391705410802,33.600022077560425
0,110,830.0,10.286544466616654,40.16935825347901
0,111,406.0,10.636034351882357,38.17007923126221
0,112,-911.0,10.906229250948764,36.98074245452881
0,113,299.0,10.24513286187518,32.5755500793457
0,114,-59.0,10.564670056257578,38.42513704299927
0,115,254.0,10.41466816123662,36.37171578407288
0,116,-300.0,10.942605238412614,42.75340723991394
0,117,-312.0,10.456108074576983,35.944334983825684
0,118,921.0,9.92187399046228,31.346714973449707
0,119,-16.0,10.279132479459689,35.09096384048462
0,120,382.0,10.368781357553948,32.36828064918518
0,121,-1452.0,10.127132676702171,34.4844069480896
0,122,1382.0,10.5660839130137,39.63563776016235
0,123,-2707.0,10.28437156460916,34.526843547821045
0,124,1232.0,10.037414023828042,35.290069818496704
0,125,833.0,9.903022735825182,33.6927502155304
0,126,180.0,8.874510523157605,28.74482607841492
0,127,-1648.0,9.113761611581642,32.205204486846924
0,128,1108.0,9.799439020423314,36.69526982307434
0,129,-3042.0,9.34916258335768,32.63443040847778
0,130,2363.0,9.956990763085942,34.06412744522095
0,131,744.0,9.758366694913468,30.77793502807617
0,132,-2902.0,8.632404218587562,29.07677674293518
0,133,3929.0,9.47634152839534,33.41008400917053
0,134,-1295.0,8.636068698595562,29.491727590560917
0,135,-912.0,9.759234073138728,31.52687430381775
0,136,1517.0,9.242013713032891,31.73082423210144
0,137,267.0,8.193394135453099,27.60089492797852
0,138,-823.0,9.485499774423838,35.096381425857544
0,139,-55.0,9.224463512100314,30.646802186965942
0,140,836.0,9.48285499560483,30.97680759429932
0,141,434.0,9.22264283089149,31.3439621925354
0,142,146.0,9.150688843459625,34.30624842643738
0,143,-848.0,8.077063405303626,28.22672390937805
0,144,132.0,9.253713367024329,30.05399918556213
0,145,-470.0,10.135053876108827,34.21029043197632
0,146,309.0,8.415974793203699,30.074950456619263
0,147,-220.0,7.424546784413615,27.333359003067017
0,148,772.0,8.450823668875232,30.00367569923401
0,149,-824.0,8.967203162514096,30.721583366394043
0,150,-414.0,8.314275997680129,27.79446649551392
0,151,-207.0,7.668046783852922,28.20935440063477
0,152,1563.0,7.544209505438793,31.17447280883789
0,153,-1414.0,8.432212679195594,31.490092754364014
0,154,946.0,6.557250773251636,25.498934507369995
0,155,-2076.0,8.133778133115053,29.94496178627014
0,156,2373.0,8.677701810102393,31.29565978050232
0,157,65.0,8.155958214899313,30.957485914230347
0,158,-1953.0,8.724068195530366,30.48424887657165
0,159,1906.0,7.0420525619983385,26.86965489387512
0,160,-79.0,8.800556031002618,30.748023748397827
0,161,-1612.0,5.997095344616918,25.36700201034546
0,162,647.0,6.647639041147375,27.272360801696777
0,163,906.0,5.116902852655099,24.10569715499878
0,164,-1167.0,8.699083443561006,32.00734806060791
0,165,1491.0,8.49795271918058,32.380799770355225
0,166,-3422.0,6.959760327169265,27.74285626411438
0,167,3609.0,6.536122806780977,26.66920781135559
0,168,-319.0,6.191008394250008,25.527702569961548
0,169,-694.0,5.890321185892408,26.48569059371948
0,170,723.0,7.173751111334734,30.61617612838745
0,171,248.0,5.837003057616795,25.4472873210907
0,172,-235.0,5.190903206045358,24.155900716781616
0,173,344.0,4.713062416990002,23.868375301361084
0,174,-2974.0,8.241419808541343,32.32513451576233
0,175,2839.0,5.832153238057288,25.70365595817566
0,176,-43.0,6.271253091115269,27.86673879623413
0,177,106.0,4.229866025632629,23.20186853408813
0,178,-10.0,4.229686551901756,23.443803548812863
0,179,-307.0,5.513759069258942,27.022762775421143
0,180,137.0,5.196998703324406,26.5397469997406
0,181,84.0,3.355204088334507,23.21291756629944
0,182,56.0,4.1131476125461175,24.295011520385746
0,183,-1327.0,4.0126022268484265,24.065722465515137
0,184,826.0,3.336305043458079,23.182914972305294
0,185,350.0,3.811007586223187,24.40267872810364
0,186,-4368.0,4.084026895876227,24.067178964614868
0,187,4595.0,3.7324219322016448,23.41495656967163
0,188,-951.0,3.7202351672311833,23.27677273750305
0,189,941.0,3.206823429206537,23.016508102416992
0,190,-1245.0,7.885169569719156,36.61577439308167
0,191,1244.0,7.145662133931563,31.03429746627808
0,192,-240.0,3.2478494930520183,22.81470489501953
0,193,178.0,3.035010587020616,22.367923498153687
0,194,-50.0,2.701213972295548,22.282634019851685
0,195,30.0,3.0753250968810897,22.828155279159542
0,196,126.0,2.5474867383777733,22.099812984466556
0,197,-123.0,2.550563698078685,22.267863750457764
0,198,43.0,2.33899536351981,22.005778312683105
0,199,-1912.0,2.633899347899788,22.20791959762573
1,0,-8505.0,19.885710334100303,91.03500723838806
1,1,4858.0,19.488209356551437,75.42301058769226
1,2,-2427.0,19.454843039010782,87.72355461120605
1,3,1320.0,19.46600383180679,73.3186445236206
1,4,1648.0,19.79383273394656,90.26600933074953
1,5,1792.0,18.921375901012865,85.5822868347168
1,6,-2058.0,19.5199771921795,74.46630620956421
1,7,1183.0,18.173582733298066,70.78460955619812
1,8,-2067.0,17.949767016779866,62.13058948516846
1,9,3417.0,19.425365998410246,79.24669742584229
1,10,-3014.0,18.986749721416157,78.74069380760193
1,11,-428.0,17.597479658488542,63.6185405254364
1,12,674.0,18.27283757580885,75.06085014343262
1,13,-1010.0,17.700326192604145,59.63841223716736
1,14,-541.0,16.447934864240413,64.54686498641968
1,15,2043.0,16.761990942064386,74.48444056510925
1,16,-3529.0,17.103381142749626,68.07121801376343
1,17,4731.0,16.498026385721428,72.26280689239502
1,18,-1155.0,16.78887623671916,84.65662097930908
1,19,1405.0,16.36263299946175,72.04289484024048
1,20,-724.0,16.033479259921805,64.98335862159729
1,21,-770.0,16.752131789046484,92.6639416217804
1,22,1706.0,16.107360137184155,63.8804976940155
1,23,-4158.0,15.440050090336683,66.80699324607849
1,24,2239.0,15.632387488292403,72.74437022209167
1,25,-33.0,15.562950950142376,61.15317249298096
1,26,-734.0,15.026726838708436,68.78253388404846
1,27,986.0,15.199924839277418,69.34866571426392
1,28,224.0,15.404515204631236,73.18764543533325
1,29,388.0,14.985482104369218,60.96693754196167
1,30,-448.0,14.726917846546336,55.391279458999634
1,31,-644.0,14.560593975361314,55.594738721847534
1,32,1592.0,14.035465933875454,58.200900077819824
1,33,-2061.0,14.595416611676535,61.40654158592224
1,34,2842.0,14.043413740050845,56.60050082206726
1,35,-397.0,13.256773384946491,58.55924415588379
1,36,-1718.0,14.217527530677742,52.96183776855469
1,37,-2304.0,14.35229653835368,59.15299344062805
1,38,3598.0,13.407130889540854,55.06022357940674
1,39,983.0,13.43756330046948,43.543537616729736
1,40,-659.0,13.3219714941793,54.85142254829407
1,41,-826.0,12.94195416657904,55.831323862075806
1,42,-833.0,13.59564904872549,53.0003068447113
1,43,1861.0,14.111524541416689,56.34904074668884
1,44,244.0,13.23712753003456,67.45383429527283
1,45,188.0,13.012785154506997,53.10668992996216
1,46,-3178.0,13.402069820012144,42.47215962409973
1,47,2902.0,12.446781286252826,48.38196063041687
1,48,-1383.0,13.021265603379543,45.81219625473023
1,49,-443.0,12.51628162419404,49.43466138839722
1,50,-416.0,12.617817151322766,52.12918996810913
1,51,698.0,12.82711614474021,42.467551469802856
1,52,1674.0,13.430090559768455,46.59803247451782
1,53,-2307.0,12.836285310957578,41.74086380004883
1,54,2113.0,12.333251239983491,46.79158639907837
1,55,-3861.0,12.932654051531795,42.92071747779846
1,56,3804.0,12.399128371104243,46.6418731212616
1,57,-1289.0,12.508325512374816,49.19734740257263
1,58,-1677.0,11.936405588771288,47.8534471988678
1,59,2190.0,12.881568949681462,46.44975423812866
1,60,803.0,11.925311236068724,47.03752875328064
1,61,-1074.0,12.647099742006125,39.52448296546936
1,62,1317.0,12.284133659890292,44.404210567474365
1,63,-1752.0,12.74678432344739,43.11598229408264
1,64,1888.0,13.210946953382024,45.20298099517822
1,65,328.0,11.993377393777036,40.27516770362854
1,66,12.0,12.96789881786082,42.55880427360535
1,67,282.0,11.932184842839634,43.688777685165405
1,68,-1287.0,12.179241407950023,48.09447860717773
1,69,-1295.0,12.188347058419538,45.44810080528259
1,70,1239.0,12.070513733135048,42.05694317817688
1,71,-273.0,11.998863066706404,41.62836694717407
1,72,278.0,12.188573709015118,38.072021484375
1,73,-527.0,11.60501501372194,37.849862575531006
1,74,-2794.0,12.10106664764736,38.11794829368591
1,75,4086.0,12.076986179858237,44.42625236511231
1,76,-262.0,11.793429333115496,44.07443833351135
1,77,290.0,12.42032157279223,44.08059072494507
1,78,-2268.0,10.985420887817366,38.944841623306274
1,79,1744.0,11.84753591623516,39.71007299423218
1,80,-76.0,11.77472351295216,38.25900053977966
1,81,-455.0,11.019980666941828,40.0568106174469
1,82,728.0,11.654641776112252,42.06192708015442
1,83,-964.0,12.024383949318398,38.15875196456909
1,84,616.0,11.485579113383492,41.55453276634216
1,85,-364.0,11.658836062056851,42.94264602661133
1,86,696.0,11.274153111504932,45.89099311828613
1,87,1100.0,11.57296345167004,41.88303995132446
1,88,-2126.0,11.5174146663207,35.96397256851196
1,89,-256.0,11.300318801297124,37.49277400970459
1,90,1630.0,11.0015100147087,35.42134666442871
1,91,219.0,10.875393401127182,34.236878871917725
1,92,-65.0,11.047689036982076,42.51031804084778
1,93,-1626.0,11.250899890141469,44.88408088684082
1,94,1501.0,11.311396041687836,40.70394229888916
1,95,223.0,11.326643105537824,35.8795223236084
1,96,-2088.0,11.004832038953026,35.93097496032715
1,97,2134.0,11.02367228235518,37.01144099235535
1,98,-304.0,10.966608129334976,36.67885661125183
1,99,-374.0,11.327981337865664,42.73140621185303
1,100,503.0,11.042377047248785,41.55384469032288
1,101,-279.0,10.926025886619591,40.23725438117981
1,102,-625.0,10.802826277545844,37.6379508972168
1,103,632.0,10.861380713283404,43.74447250366211
1,104,-2804.0,11.103930774178515,36.946386098861694
1,105,3106.0,11.10717899307701,37.81988596916199
1,106,-912.0,10.80501910194974,36.51057577133179
1,107,430.0,10.417718555196243,38.54254341125488
1,108,1050.0,10.799007420160152,36.82663130760193
1,109,-2150.0,10.379671211843467,33.22975301742554
1,110,1383.0,10.012732854545469,35.61925482749939
1,111,643.0,10.739818951744692,33.78054666519165
1,112,-859.0,10.01480707248574,31.33954644203186
1,113,1091.0,9.906396537283246,30.67087316513061
1,114,-78.0,9.753058537738408,31.780025005340576
1,115,-790.0,9.684985102422177,34.23005127906799
1,116,402.0,10.23290737108621,36.38308787345886
1,117,-1028.0,10.448859457652398,34.363879919052124
1,118,891.0,9.25220912830569,28.31766891479492
1,119,-1364.0,10.060243553861005,37.01360988616944
1,120,1368.0,10.1162163525239,36.02863001823425
1,121,383.0,9.58107932461185,38.43449592590332
1,122,-74.0,10.054401592134226,37.95905756950378
1,123,-521.0,9.630098597554532,30.65753126144409
1,124,396.0,9.994220664053454,36.0444438457489
1,125,-1207.0,9.52434759825017,29.964603662490845
1,126,1632.0,8.506686491428436,26.38231110572815
1,127,-404.0,9.037210554687771,29.7283833026886
1,128,214.0,8.471850288568445,28.04624605178833
1,129,10.0,8.303301854112757,28.91738200187683
1,130,-941.0,10.832349940692051,36.11917901039124
1,131,118.0,8.304516998727486,28.77693653106689
1,132,-490.0,7.170580876718322,27.50209856033325
1,133,872.0,7.986544505689589,29.410670042037964
1,134,397.0,7.485105609264167,26.59547448158264
1,135,-324.0,6.814951369075829,26.06318211555481
1,136,-874.0,8.71922924061751,28.77493786811829
1,137,968.0,6.957114628843853,25.888765335083008
1,138,-359.0,8.93444628622918,35.10453462600708
1,139,47.0,7.216248754499941,26.95068073272705
1,140,771.0,6.567348395402682,26.30886721611023
1,141,-1670.0,7.384661184007772,28.946210384368896
1,142,351.0,5.835010373164677,25.161175966262817
1,143,544.0,7.419031988641424,27.663074493408203
1,144,238.0,7.244115041310014,27.760506629943848
1,145,338.0,7.460513727606036,28.9259250164032
1,146,-297.0,7.73337183208419,29.447606563568115
1,147,295.0,6.234120233512913,27.222477912902832
1,148,358.0,5.471615622656365,26.120481491088867
1,149,-15.0,5.392745214746403,24.86429500579834
1,150,-484.0,5.7878899882045935,24.98815512657165
1,151,-1396.0,5.543628764047178,25.447936534881592
1,152,1868.0,5.67688008285492,26.825082063674927
1,153,-175.0,6.967641904458091,28.9848210811615
1,154,91.0,5.0034984737653465,23.47571969032288
1,155,-507.0,4.957677461263598,24.406222820281982
1,156,495.0,5.3645425052579965,25.100383520126343
1,157,-221.0,4.995114537986039,25.65531754493713
1,158,-140.0,4.506343615070598,24.25209856033325
1,159,381.0,4.037613364130327,22.891517162323
1,160,-126.0,4.984264207316016,25.99081802368164
1,161,185.0,4.239339169341834,23.882893085479736
1,162,-1190.0,6.074435981964575,27.60893964767456
1,163,1211.0,3.514619932119244,23.17542624473572
1,164,-126.0,3.869970158135243,23.80558919906616
1,165,-6.0,3.1367540887342664,23.439433097839355
1,166,76.0,4.471399697807639,23.766326189041138
1,167,-40.0,4.218334545796414,23.77900218963623
1,168,-336.0,2.939306803963176,22.817900896072388
1,169,-3246.0,3.579674543702287,23.18099164962769
1,170,3682.0,2.4993750570028808,22.43403387069702
1,171,-152.0,3.7913343371534,23.53428268432617
1,172,-187.0,2.695035611483057,23.08488440513611
1,173,363.0,2.6762109686303304,22.19779896736145
1,174,-170.0,3.08741588441412,23.47047114372253
1,175,36.0,2.5268763631304485,22.086400747299194
1,176,28.0,3.734515200410629,23.25097894668579
1,177,118.0,2.6174319039889,21.654231309890747
1,178,-52.0,4.500609945578623,24.084980249404907
1,179,-30.0,4.291878977274799,23.883400440216064
1,180,5.0,2.5535655689367944,21.57001757621765
1,181,41.0,4.2564591972946815,24.11953592300415
1,182,-1475.0,3.365011532288613,22.398065328598022
1,183,1403.0,2.837403511055898,21.397765159606934
1,184,-4.0,3.613449468704055,22.630577325820923
1,185,107.0,2.2905306113985,21.333332777023315
1,186,-22.0,2.860370193535408,21.857458114624023
1,187,-37.0,2.362865374237717,21.349546909332275
1,188,-104.0,2.310814704615181,21.916170597076416
1,189,163.0,3.097231832932346,22.051485776901245
1,190,-208.0,2.8836806121636265,22.49935507774353
1,191,154.0,2.247876219595258,21.276973962783813
1,192,-92.0,2.232639852151319,22.20519709587097
1,193,-113.0,2.22244179489847,21.68395757675171
1,194,-1018.0,3.069735819481415,22.693426370620728
1,195,1148.0,2.2322684885579003,21.00184535980225
1,196,106.0,2.08860753006346,21.6223578453064
1,197,-19.0,2.36842287528981,21.61150336265564
1,198,35.0,2.9052785250001363,21.99798083305359
1,199,-46.0,2.0490671243495786,20.990598917007446
2,0,-4529.0,20.40132388230858,80.11874604225159
2,1,1594.0,19.10449411925397,59.80932879447937
2,2,-5386.0,19.369506896703736,88.61506509780884
2,3,1992.0,18.69495589938301,72.82108974456787
2,4,1930.0,18.836868355803187,82.92996096611023
2,5,-422.0,19.494557758133872,74.75010395050049
2,6,2754.0,19.27679669132357,78.13540291786194
2,7,-885.0,18.623838003202785,71.0411217212677
2,8,-1741.0,17.740418400178115,68.41668462753296
2,9,556.0,18.172106571803702,67.18259382247925
2,10,1824.0,18.290243092340923,72.11292672157288
2,11,80.0,17.365634504772164,71.66354370117188
2,12,-4814.0,17.554893663805885,73.7761640548706
2,13,5052.0,17.879377979656248,70.10851097106934
2,14,-3767.0,16.921905042078738,59.94134426116944
2,15,2904.0,17.44944033533824,74.5428855419159
2,16,1335.0,17.388165083560153,74.97935438156128
2,17,-628.0,16.963086405231934,74.90248703956604
2,18,321.0,17.043715491526072,78.63617014884949
2,19,-5086.0,17.027599214432527,81.52073192596436
2,20,5739.0,16.187275973635884,75.26451110839844
2,21,-457.0,16.091225026051088,74.37367630004883
2,22,-4605.0,15.922908717317332,68.9242696762085
2,23,2059.0,16.03325231826088,83.58168601989746
2,24,776.0,15.863548475733865,84.49957823753357
2,25,-734.0,15.28506810211497,64.77811336517334
2,26,1261.0,14.914153472776745,77.22298264503479
2,27,-2924.0,15.181375799824943,70.13898396492004
2,28,2661.0,15.063139648166995,71.28401303291321
2,29,1203.0,15.16282301617012,61.548333168029785
2,30,-570.0,15.017037408318611,65.576904296875
2,31,-893.0,14.98909176696676,65.81900429725647
2,32,1107.0,14.068547885882712,68.8780243396759
2,33,72.0,15.033207980184889,60.89591431617737
2,34,-1878.0,14.274585709531769,47.809701681137085
2,35,1658.0,13.887198890246529,68.25184106826782
2,36,-159.0,14.11246162219491,52.12282705307007
2,37,-1008.0,14.708761216910512,66.57707095146179
2,38,1336.0,14.055894273164288,60.25739622116089
2,39,-582.0,14.032883983803565,52.80856513977051
2,40,-595.0,13.925975182770069,52.82938838005066
2,41,2216.0,13.092886161038324,56.60956454277039
2,42,-3185.0,13.54916308746806,58.74655055999756
2,43,1897.0,13.425206141786925,60.6645724773407
2,44,-340.0,13.69602222190418,56.95105385780335
2,45,598.0,13.47717103862328,53.58774161338806
2,46,936.0,13.2390408791271,43.991320848464966
2,47,156.0,13.876045439205722,57.49543952941895
2,48,515.0,13.051095599523745,57.75835800170898
2,49,-4114.0,13.291360007243432,54.73155999183655
2,50,4015.0,12.943027690282602,48.77554488182068
2,51,-1094.0,12.815115988526545,55.13351035118103
2,52,1084.0,13.470092645240822,49.45999813079834
2,53,-1072.0,13.511486286559142,50.261109828948975
2,54,700.0,12.194908178963594,48.00104379653931
2,55,-1547.0,12.278643320646069,44.43366527557373
2,56,687.0,12.867470536922934,48.60238337516785
2,57,596.0,13.297703616197005,50.18720865249634
2,58,722.0,12.268366406016954,52.80113768577576
2,59,-315.0,12.557933651445548,49.51660370826721
2,60,-634.0,11.990392028099158,51.215192556381226
2,61,-461.0,12.805973532784863,42.98752284049988
2,62,1469.0,12.180862841743604,45.447108030319214
2,63,-785.0,12.808960296350431,39.051825284957886
2,64,-326.0,12.349792546791717,43.435290575027466
2,65,-1658.0,12.583295724773508,45.61029410362244
2,66,1344.0,13.307795925044893,45.49183225631714
2,67,-1286.0,11.322337524731315,43.35332703590393
2,68,709.0,12.074260867962847,50.586505651474
2,69,548.0,12.830949325618054,43.133293867111206
2,70,1052.0,12.070553643037478,43.82121968269348
2,71,351.0,12.306579325922824,43.40907263755798
2,72,-842.0,12.771695446074425,39.4608645439148
2,73,438.0,12.707839411263535,41.848262786865234
2,74,-2251.0,12.11787603451739,36.998069047927856
2,75,2815.0,12.267319983076463,42.54032707214356
2,76,-1489.0,11.534600051214998,44.495049715042114
2,77,1302.0,11.819707631980336,38.594153881073
2,78,-625.0,11.789367272018175,37.45535898208618
2,79,-207.0,11.659241207869592,41.71253418922424
2,80,-1277.0,12.036513767920702,41.808709383010864
2,81,1587.0,11.857326819738091,41.84614777565002
2,82,-2128.0,11.588476260975368,37.39278721809387
2,83,1072.0,11.8519950126303,36.69803476333618
2,84,-328.0,12.1197302073665,35.14771127700806
2,85,750.0,10.767752886925972,38.32309222221375
2,86,276.0,11.364033069779271,42.997458934783936
2,87,-990.0,12.05069001960085,42.25050354003906
2,88,1248.0,12.250308119026304,35.98154854774475
2,89,-600.0,11.607968002925228,39.00721693038941
2,90,562.0,11.924805404729527,40.48897624015808
2,91,-673.0,11.543545906997895,38.69447708129883
2,92,505.0,11.71252653042353,40.4770188331604
2,93,-2482.0,11.23876018419854,39.48425078392029
2,94,3175.0,11.633340323820873,38.7762234210968
2,95,-647.0,12.404758548506411,37.41928648948669
2,96,172.0,11.449700497082697,36.16672730445862
2,97,52.0,11.68746119138441,38.04844522476196
2,98,-4297.0,11.257741998128148,41.7463960647583
2,99,4178.0,11.268093788139184,40.12143087387085
2,100,796.0,11.322866279978506,36.388676404953
2,101,-209.0,11.01107499662118,40.32196068763733
2,102,184.0,11.584390230744072,38.34913182258606
2,103,-973.0,11.016111840855109,40.97860598564148
2,104,-287.0,11.159698680441863,37.50533437728882
2,105,666.0,10.576087714896165,32.94622230529785
2,106,-1803.0,10.688046792832946,33.350013971328735
2,107,2729.0,10.33842353079338,33.95318841934204
2,108,-954.0,11.1626062529614,38.849992990493774
2,109,-815.0,11.443673405387935,42.1218376159668
2,110,1635.0,10.784533464777931,35.75896692276001
2,111,-679.0,10.859997228221909,36.93438982963562
2,112,722.0,10.46523841250637,32.011013984680176
2,113,-2666.0,11.27604762198786,34.11576581001282
2,114,2913.0,10.999026486258384,40.7721095085144
2,115,-571.0,10.603338701523766,34.723468542099
2,116,-117.0,10.668818036163804,36.120567083358765
2,117,-1921.0,10.647643540763324,35.05472540855408
2,118,1958.0,10.833689757435993,31.87090039253235
2,119,-1503.0,10.663914779561336,35.41643834114075
2,120,1983.0,10.23123536602496,32.49473857879639
2,121,-1817.0,10.532529500867776,39.03126525878906
2,122,1459.0,11.1230870164085,36.78502726554871
2,123,-184.0,10.664881540846684,33.87981390953064
2,124,-1474.0,10.143710105758098,34.770522594451904
2,125,1695.0,10.674762647216289,33.93007135391235
2,126,-2055.0,10.58363911445643,32.62629580497742
2,127,2392.0,10.464611436240826,35.03346276283264
2,128,-1257.0,9.530343342259057,31.302059412002563
2,129,-382.0,10.282648361247436,33.89843130111694
2,130,600.0,9.654928874135464,32.08392572402954
2,131,33.0,9.066080914641072,29.189432382583615
2,132,-462.0,9.84184784041156,30.22830939292908
2,133,427.0,10.150195048710795,32.98225140571594
2,134,820.0,10.137165607370532,31.685245752334595
2,135,-1387.0,9.891098401478637,31.17458200454712
2,136,980.0,9.92551179149279,32.73427128791809
2,137,150.0,9.553941977945302,29.51725578308105
2,138,-332.0,9.292447310070504,30.91029119491577
2,139,334.0,10.4817478225346,34.44257473945618
2,140,-65.0,9.381107366418536,29.810176134109497
2,141,-1487.0,9.794481889909266,31.737509727478027
2,142,2048.0,9.220652723984069,30.369718313217163
2,143,-382.0,9.043808932074784,29.06290340423584
2,144,536.0,7.723604182720677,26.25162172317505
2,145,-1770.0,9.394932514900768,29.21050429344177
2,146,1275.0,8.622723061347218,27.811890125274655
2,147,-1123.0,7.370349162041734,25.644565105438232
2,148,990.0,7.453311721026929,26.7487907409668
2,149,-1064.0,7.620398156500856,26.89156007766724
2,150,1167.0,7.629210343882007,26.497729063034058
2,151,-1896.0,7.085082296933741,25.609346866607662
2,152,2422.0,7.3869699161667,27.730460166931152
2,153,-437.0,7.670776986766738,26.98905777931213
2,154,275.0,7.58541857851633,27.238747119903564
2,155,-15.0,6.210760205577071,25.028967142105103
2,156,-524.0,7.2732164596772035,27.45443344116211
2,157,-999.0,8.04071451826686,28.304320335388184
2,158,1429.0,6.899578945618125,25.80868673324585
2,159,125.0,5.550866112319016,24.06625533103943
2,160,-324.0,7.65363501470204,28.747408866882324
2,161,265.0,5.76714102176792,24.637829780578613
2,162,-293.0,6.263246536101742,25.264241695404053
2,163,-342.0,6.557173455228418,25.87771844863892
2,164,730.0,6.212235759799932,25.133767127990723
2,165,40.0,5.52733072802635,24.528351068496704
2,166,-977.0,4.869032448311187,23.64668154716492
2,167,1036.0,5.283886535453342,24.02444839477539
2,168,-249.0,4.314028454706934,22.84724187850952
2,169,-1069.0,6.124571166861089,25.91865062713623
2,170,1295.0,4.5042723720497815,24.39676523208618
2,171,-23.0,4.127248798875892,23.5080783367157
2,172,-2031.0,5.160233282041884,24.977707147598267
2,173,2033.0,4.161978814410029,22.765478372573853
2,174,22.0,4.7931665766091,24.421563625335693
2,175,-215.0,6.0833746807508415,25.990888833999637
2,176,-192.0,3.623699527279011,22.631325721740723
2,177,528.0,3.766691208743704,22.52427911758423
2,178,-41.0,2.989180081677263,21.824103116989136
2,179,-948.0,3.4880229446277577,22.40743589401245
2,180,780.0,3.871031629613189,22.92511534690857
2,181,20.0,3.038873988534452,21.97718119621277
2,182,-37.0,3.554317515729017,22.55114483833313
2,183,52.0,3.4907927010697666,22.402685165405277
2,184,-148.0,6.183571918586898,26.97426724433899
2,185,242.0,2.925520626366606,21.861130714416504
2,186,19.0,2.969285312670328,21.93710446357727
2,187,10.0,2.767691773409024,22.454976081848145
2,188,40.0,2.793729137931298,21.68439507484436
2,189,-44.0,3.913321198190799,23.360896110534668
2,190,-110.0,3.22694685489099,22.652130842208862
2,191,-440.0,2.68425027286203,21.75084614753723
2,192,529.0,2.637210996931475,22.129090309143063
2,193,-36.0,3.683258182047304,22.680528163909912
2,194,-2.0,4.828180941869621,24.745623350143436
2,195,-30.0,2.3531042984946007,21.43288373947144
2,196,43.0,2.517216612549743,21.500199556350708
2,197,25.0,2.6366706852572883,21.669135332107544
2,198,-127.0,2.7972058447072827,22.466994524002075
2,199,133.0,2.413239511787125,22.20279145240784
3,0,-2584.0,20.051360569646647,83.53763556480408
3,1,525.0,19.78939324217859,77.81132936477661
3,2,453.0,19.83105027798913,86.82950520515442
3,3,-1504.0,19.153855403713138,74.46204590797424
3,4,-2272.0,18.401643352377484,79.25722336769104
3,5,4513.0,19.005059829302315,77.60826706886292
3,6,-2604.0,18.145770209108008,63.37272572517395
3,7,-716.0,18.121597352161068,76.14828610420227
3,8,1117.0,17.763716773181862,59.15747165679932
3,9,-3842.0,18.19745958659733,69.7151312828064
3,10,164.0,18.379957322197367,67.22920155525208
3,11,3987.0,18.129928741433627,71.11236691474915
3,12,-4768.0,16.96946825696001,73.9296007156372
3,13,6407.0,16.031090043416274,50.37487459182739
3,14,-1335.0,16.305176768397587,53.231205701828
3,15,-4441.0,17.01426445358733,74.602854013443
3,16,503.0,16.548236820574875,56.41910672187805
3,17,2761.0,16.80228741785446,65.83449912071228
3,18,921.0,16.89106450389806,69.22272324562073
3,19,379.0,16.984607562564072,67.04435753822327
3,20,-2511.0,15.5357183001092,62.5226321220398
3,21,1892.0,16.05603796176463,74.8865876197815
3,22,19.0,16.000122992992285,64.88370847702026
3,23,-1693.0,15.386198045631009,63.01950716972351
3,24,1211.0,15.836838716711108,77.04549908638
3,25,166.0,15.371753929284484,56.21822381019592
3,26,652.0,15.202921842343446,66.82658648490906
3,27,-1166.0,15.302213108956042,61.369773387908936
3,28,1643.0,14.491443249896871,57.59627318382263
3,29,-1277.0,14.73726888276933,52.5824146270752
3,30,1457.0,14.796188269103604,60.64530968666077
3,31,340.0,15.048528632997236,70.10114526748657
3,32,-2657.0,14.531602696217616,62.97299075126648
3,33,3055.0,15.207395499882775,60.04870128631592
3,34,-3697.0,14.330274457808343,53.06292581558228
3,35,3233.0,14.682542157329577,54.69368195533752
3,36,-223.0,14.439092125742492,42.34291577339173
3,37,-705.0,13.796417259045365,55.16870260238648
3,38,1111.0,13.872401945311092,50.756417751312256
3,39,-1192.0,13.549487053078176,51.40202808380127
3,40,848.0,13.841200998440824,48.99124360084534
3,41,389.0,13.568109657576857,49.044025182724
3,42,-2769.0,13.851752385187908,49.72717213630676
3,43,23.0,13.931096175006504,50.70965647697449
3,44,2281.0,13.401125901636552,47.83539533615112
3,45,-2642.0,13.826409369416568,57.24480986595154
3,46,1643.0,13.986887543299888,45.04902911186218
3,47,2040.0,13.584914136889465,55.74411034584045
3,48,-860.0,12.87590032513744,49.11124634742737
3,49,-275.0,13.31592037845016,44.34461808204651
3,50,192.0,12.850590399541195,46.87517976760864
3,51,283.0,13.139968454002853,47.31222176551819
3,52,789.0,12.852244250652513,47.601219177246094
3,53,-1902.0,13.072852267080169,47.328996896743774
3,54,1578.0,13.021329227262502,60.87236309051514
3,55,-794.0,12.58602535836288,47.16669487953186
3,56,779.0,12.409406844289322,48.94675302505493
3,57,-5664.0,12.144142353804414,48.7981903553009
3,58,5876.0,12.54871130829932,51.07241153717041
3,59,-672.0,12.55034508965124,43.51097130775452
3,60,381.0,12.281806778226809,53.08751392364502
3,61,-1245.0,12.817411956743126,46.716450452804565
3,62,167.0,12.40139340844898,51.3572838306427
3,63,-1104.0,12.601042076008918,46.8430495262146
3,64,2103.0,12.01254936172866,41.94661092758179
3,65,-893.0,12.57430414469849,48.85173797607422
3,66,386.0,12.60672090571953,47.482078552246094
3,67,716.0,12.41206889343148,48.86959600448608
3,68,-3106.0,12.653333064972037,49.25951623916626
3,69,1994.0,12.242543345569167,50.88500452041626
3,70,-1004.0,11.652312658867668,49.15923881530762
3,71,1305.0,12.218902725027736,47.7003059387207
3,72,-1359.0,12.200566358033226,48.9350163936615
3,73,1338.0,11.879118338036298,43.57218670845032
3,74,-308.0,12.144215312396536,40.06241536140442
3,75,-603.0,11.814671743025285,51.149662256240845
3,76,-815.0,11.978898230668296,51.9056670665741
3,77,1623.0,12.076787449306105,40.68618702888489
3,78,-3502.0,12.016065508976167,47.37904787063599
3,79,4027.0,11.468622729246556,43.95168900489807
3,80,654.0,11.756761403119183,47.25234293937683
3,81,-1359.0,12.23115197820062,43.87117123603821
3,82,890.0,11.11359767892936,37.65426015853882
3,83,-1888.0,12.051563216991692,42.237629890441895
3,84,1989.0,11.80589769667804,37.84737420082092
3,85,498.0,11.412477951290532,49.02278280258179
3,86,-907.0,11.30814428109203,49.81974196434021
3,87,-1434.0,11.743097873678938,46.55676627159119
3,88,281.0,11.576309723162574,42.13080096244812
3,89,-21.0,11.70101128771403,42.1543927192688
3,90,-591.0,11.540535869399484,40.562652349472046
3,91,2368.0,11.487748017460556,39.63843584060669
3,92,502.0,10.88163034391632,38.65349340438843
3,93,-2237.0,10.966818673355274,40.79038310050965
3,94,1468.0,11.028852370163229,38.49533820152283
3,95,-2414.0,11.533173826081043,42.10205888748169
3,96,1873.0,11.111307613134793,36.31653547286987
3,97,-311.0,11.852217593657532,41.32329320907593
3,98,1051.0,10.826365482693342,40.661083459854126
3,99,-1917.0,10.74412172872669,40.12400627136231
3,100,1008.0,10.814675962573917,38.811588525772095
3,101,1216.0,10.885553689304976,41.6425518989563
3,102,-147.0,10.763868097065217,41.72217226028442
3,103,-693.0,11.03718090383151,41.61119914054871
3,104,-579.0,10.391068738415491,43.33812499046326
3,105,850.0,10.70148249935801,45.75907588005066
3,106,547.0,11.010249710646956,41.65143799781799
3,107,-563.0,10.65984084949528,42.750730991363525
3,108,-3905.0,11.010162816645964,45.94267153739929
3,109,4314.0,10.51019291833464,38.32655024528504
3,110,0.0,10.116104637446194,38.12669038772583
3,111,173.0,10.911662055497358,35.609726905822754
3,112,-485.0,10.329740562959085,32.36476922035217
3,113,65.0,10.472074812833403,33.9141857624054
3,114,741.0,10.010853078352843,41.83709073066712
3,115,-420.0,9.65362880520434,38.95548701286316
3,116,-178.0,10.750583731798487,41.88026714324951
3,117,-1332.0,9.960207789175954,36.6154625415802
3,118,1440.0,10.094191627232751,32.76842451095581
3,119,-3.0,10.616192606135328,38.668370723724365
3,120,488.0,9.599684324147596,34.64944815635681
3,121,-37.0,10.69735419988262,40.67582893371582
3,122,38.0,10.677678061637684,39.37291312217712
3,123,-184.0,9.964325706169738,39.42289018630981
3,124,-2269.0,10.276743330864845,34.096187353134155
3,125,967.0,10.434297732880609,36.491374015808105
3,126,92.0,9.122725727910083,30.671398639678955
3,127,-1378.0,9.174135351309811,33.002460956573486
3,128,2569.0,9.780316335096355,33.914746046066284
3,129,-1350.0,9.752052040979724,33.174641847610474
3,130,241.0,10.032062564097714,38.22280955314636
3,131,1024.0,9.567834641388057,33.5470244884491
3,132,164.0,9.788598831334204,35.093576192855835
3,133,97.0,10.137491009629372,40.26969122886658
3,134,-639.0,9.31492832581232,32.44785022735596
3,135,176.0,9.422695755049707,35.04583787918091
3,136,-2721.0,9.172670767412324,34.40193247795105
3,137,2280.0,8.96580483454446,28.762038946151733
3,138,-300.0,8.942250449839849,30.698447227478027
3,139,1085.0,8.756367262165451,29.677985429763797
3,140,415.0,9.229781162391768,30.926647901535038
3,141,-4321.0,9.52498465894028,32.07878804206848
3,142,3657.0,8.764392483374753,29.96187114715576
3,143,-446.0,8.495701605311748,30.43697738647461
3,144,943.0,8.160590567252596,27.697652339935303
3,145,-328.0,8.381981630874371,27.911614656448364
3,146,-1070.0,7.712081230026418,27.653721570968628
3,147,284.0,8.407184475891267,29.986772060394287
3,148,846.0,7.928935784108609,28.076836824417114
3,149,234.0,9.035869733059142,32.14989423751831
3,150,-304.0,7.641236698951052,26.98167133331299
3,151,-2451.0,7.215848900472942,29.28565120697021
3,152,2248.0,8.888620635285543,33.382559061050415
3,153,404.0,7.412951607718269,27.710666179656982
3,154,258.0,6.889314238174525,25.949285745620728
3,155,-368.0,6.615411500608794,26.746663808822632
3,156,332.0,7.168332502053551,27.87897229194641
3,157,96.0,6.912309655455164,27.93102192878723
3,158,-1053.0,6.666405756403992,27.44130277633667
3,159,-483.0,5.7502552905573845,25.89020657539368
3,160,-1138.0,7.670227483405736,30.32601118087769
3,161,2196.0,6.910992157063023,26.187687158584595
3,162,-106.0,7.165843823594482,28.15532803535461
3,163,430.0,5.605510655776113,25.171923637390137
3,164,51.0,6.614548364527907,27.96113395690918
3,165,16.0,5.9828717010267205,25.339425563812256
3,166,-1289.0,5.2988883619148295,24.434234142303467
3,167,1009.0,4.694988830203514,24.288856506347656
3,168,352.0,5.272216188340164,23.255703687667847
3,169,-341.0,6.739403550055567,27.3576078414917
3,170,327.0,4.611655010892516,22.936526775360107
3,171,-169.0,4.667064662339834,22.94485282897949
3,172,-335.0,5.070964071400079,23.143441438674927
3,173,452.0,5.797491138867625,24.35162305831909
3,174,-6.0,7.24721256837674,27.518616437911987
3,175,-11.0,5.554157839236869,24.47907829284668
3,176,143.0,5.934026540460925,25.36664175987244
3,177,-16.0,4.928550077441793,22.894195795059204
3,178,-149.0,3.826030780150392,22.565126419067383
3,179,46.0,3.86283066280062,23.30025291442871
3,180,-200.0,3.8071219439661466,22.865764379501343
3,181,374.0,3.538999326591063,23.14792776107788
3,182,-45.0,3.95053435743008,23.343543529510494
3,183,-118.0,3.5667517446612997,22.538635969161987
3,184,-168.0,3.5043215650038726,23.83848810195923
3,185,303.0,2.5039254134170625,22.93827486038208
3,186,-56.0,3.639059684825071,23.20273995399475
3,187,-6.0,4.805904420280208,25.383667469024655
3,188,6.0,3.669142844049587,23.903254508972168
3,189,-22.0,2.914197334727026,21.74366807937622
3,190,-210.0,3.723033631721993,23.587404012680054
3,191,324.0,2.7425657120035662,22.742094039916992
3,192,-180.0,6.967521816388351,28.56969690322876
3,193,167.0,2.698934484084246,22.86705493927002
3,194,-105.0,2.5723426255092248,22.09381055831909
3,195,9.0,2.5779039495706977,21.612229108810425
3,196,-55.0,2.1546794791315538,24.45395255088806
3,197,-459.0,2.399574289095393,21.431972980499268
3,198,584.0,2.2703638261081696,21.449655532836918
3,199,-5.0,2.509146257890766,21.61262440681457
4,0,-2243.0,20.45910480756067,81.82847547531128
4,1,-119.0,20.054952441267016,73.13153147697449
4,2,-2144.0,19.19936539475477,72.39750003814697
4,3,-4514.0,19.65038464159636,66.26705265045166
4,4,4704.0,19.246393798023053,77.3322970867157
4,5,-483.0,18.99488574359785,64.28456044197083
4,6,-324.0,18.220130766656144,65.88707113265991
4,7,-2493.0,19.119527812165988,64.6388635635376
4,8,5140.0,19.319858043086796,72.1812903881073
4,9,1144.0,17.16050608635887,61.42019248008728
4,10,-516.0,17.86062584550301,62.68334484100342
4,11,1058.0,17.290279544645717,57.074400663375854
4,12,-2205.0,17.943875883792867,63.25880455970764
4,13,302.0,16.326600840965373,48.4885470867157
4,14,-1984.0,17.56759222340941,56.198493242263794
4,15,251.0,16.753307990507302,68.09708976745605
4,16,297.0,16.527363918336462,54.763877153396606
4,17,3513.0,16.333133850729006,67.72984981536865
4,18,-6500.0,16.174827409170188,62.8501296043396
4,19,4448.0,15.809784881342429,54.00239872932434
4,20,-660.0,15.79011445496042,58.173171043396
4,21,-122.0,15.48423599826517,56.83028221130371
4,22,-5325.0,16.395694230572293,56.06337213516235
4,23,6063.0,15.62377394013792,61.3886308670044
4,24,1756.0,15.52288407865096,72.22282600402832
4,25,-1852.0,14.601373050294614,49.36972498893738
4,26,1779.0,14.839727515596282,63.10022854804993
4,27,-513.0,15.473544930212864,52.76120090484619
4,28,-7307.0,14.78238606832467,50.02563452720642
4,29,7015.0,14.651688883148482,53.66461205482483
4,30,-6041.0,14.019035195068868,50.17341995239258
4,31,5957.0,14.163801451654358,49.22778010368347
4,32,516.0,13.840417460169377,53.5894718170166
4,33,-4966.0,14.321143346781774,45.0046021938324
4,34,3043.0,13.912457885301317,44.60909461975098
4,35,-3310.0,13.942086221429784,53.95679974555969
4,36,3392.0,13.94668377294817,47.96218848228455
4,37,868.0,13.940454812962733,51.39462327957153
4,38,1003.0,13.357879466478355,42.92860531806946
4,39,-75.0,12.96116495515572,41.6316933631897
4,40,-2237.0,13.227642236678358,43.51945233345032
4,41,1079.0,13.141609093306691,48.38034105300903
4,42,1950.0,12.99801171181266,44.12793922424317
4,43,-1138.0,12.923864008011806,40.01591730117798
4,44,76.0,13.319117865087543,46.57675814628601
4,45,252.0,13.04353769963786,40.819820404052734
4,46,-1241.0,13.643812110946524,48.07264757156372
4,47,1355.0,12.545257246508127,45.913156032562256
4,48,368.0,13.198808230994924,42.27805399894714
4,49,-1783.0,12.984585975286842,47.55909204483032
4,50,904.0,12.897464569430726,41.566153049468994
4,51,-1619.0,13.119025223912317,41.14200019836426
4,52,1332.0,13.260239818583942,40.950668811798096
4,53,-1888.0,12.594332005655383,40.02949500083923
4,54,2335.0,12.981097500940686,39.5442750453949
4,55,-2733.0,12.222864647253102,38.41396498680115
4,56,-1551.0,12.042167306175305,41.91569471359253
4,57,4693.0,12.209218993670474,42.0017626285553
4,58,-1569.0,12.076625518376911,38.3165135383606
4,59,1750.0,11.910661069594196,38.94003105163574
4,60,-801.0,12.547597532035455,55.69516253471375
4,61,1358.0,12.358928634269136,41.42734694480896
4,62,-641.0,12.14359515194949,42.01321792602539
4,63,-1425.0,12.76701474584959,42.97890448570252
4,64,1394.0,12.465475045962997,36.95289349555969
4,65,707.0,11.97096879957035,40.54380440711975
4,66,-2728.0,13.10171546241208,47.3376407623291
4,67,2100.0,12.11534259850571,47.66251707077026
4,68,-2329.0,11.679946565700368,45.36025309562683
4,69,2233.0,11.697150062936682,43.83258938789368
4,70,-462.0,12.256436472446284,50.04711437225342
4,71,-310.0,11.771291201770447,41.272486209869385
4,72,470.0,12.39183788826508,41.09948945045471
4,73,627.0,11.87782290309071,36.379422187805176
4,74,-1100.0,12.230471909544864,38.38986086845398
4,75,962.0,11.73814226316055,43.40501165390015
4,76,-1910.0,11.725984526384456,40.18262457847595
4,77,1747.0,11.66024397561005,35.327784299850464
4,78,264.0,11.54094602837334,35.959614515304565
4,79,-1120.0,12.122884377735444,46.28784418106079
4,80,231.0,11.300868562860405,34.15340757369995
4,81,470.0,11.053723356538889,39.87208151817322
4,82,171.0,11.372168145710136,40.10864901542664
4,83,-2287.0,11.830837288895896,39.52403163909912
4,84,3346.0,11.231698298152448,33.464261531829834
4,85,-815.0,10.975829534506072,39.695666551589966
4,86,-1740.0,11.3638271069582,41.07930111885071
4,87,1816.0,11.852535032215176,36.758718967437744
4,88,-496.0,11.126366340619851,32.79957437515259
4,89,261.0,11.55461339422438,34.71556377410889
4,90,-1222.0,11.301567028278436,37.66553711891174
4,91,1968.0,11.350518213202482,37.6119327545166
4,92,-731.0,11.627002593566358,37.21429443359375
4,93,223.0,11.4282150041045,41.80792593955994
4,94,-1301.0,11.16252718560437,35.24228310585022
4,95,1610.0,11.66457609471854,32.748985052108765
4,96,-203.0,11.383011827715883,33.737998247146606
4,97,-242.0,10.919872068574714,33.62996959686279
4,98,87.0,10.885378447570613,32.75848150253296
4,99,-1971.0,11.084591283912,36.702433586120605
4,100,1197.0,11.281180251058911,37.93418073654175
4,101,640.0,10.834967176772489,36.61225485801697
4,102,339.0,11.156770398755222,37.21109890937805
4,103,315.0,10.808760441642926,40.705888509750366
4,104,-1262.0,10.599033084376464,35.08762812614441
4,105,1445.0,10.395974634801384,34.012572288513184
4,106,-2601.0,10.875984630795289,37.63944268226624
4,107,1837.0,11.725143590997122,48.96351599693298
4,108,366.0,10.835392966495371,35.639280796051025
4,109,-562.0,10.249423033351048,32.80794286727905
4,110,496.0,10.76179785802405,36.317866563797
4,111,309.0,11.227673090462956,34.61601138114929
4,112,-2594.0,10.999801840133244,43.775235176086426
4,113,2461.0,10.303236867568506,32.17235779762268
4,114,-2091.0,9.865631748760553,35.245699644088745
4,115,867.0,9.863616374875518,34.76780033111572
4,116,456.0,9.881370485853198,33.32757496833801
4,117,-620.0,9.954772707953886,35.45912003517151
4,118,695.0,10.29624588668217,30.661317586898804
4,119,739.0,10.613362796008962,32.84051156044006
4,120,-2502.0,10.337100715112657,33.04069256782532
4,121,2522.0,10.376737097875395,33.21108365058899
4,122,-2.0,10.437410639416983,35.86224555969238
4,123,-1200.0,9.986547789475903,31.9775652885437
4,124,1136.0,9.605205250261164,31.207711458206177
4,125,-314.0,10.368120346795992,34.71520757675171
4,126,566.0,9.197861021961046,29.018918991088867
4,127,-596.0,9.818107469961593,34.17050313949585
4,128,-265.0,9.122855932452026,32.12822413444519
4,129,-375.0,8.667081925941325,29.975688219070435
4,130,187.0,10.007677650405858,31.62726593017578
4,131,747.0,9.413873011871711,31.10980534553528
4,132,-906.0,9.863397854546156,37.7274341583252
4,133,1014.0,8.815451234939182,30.524476289749146
4,134,-91.0,9.599941940458343,32.27129507064819
4,135,-85.0,8.842521430244418,30.46545004844665
4,136,183.0,7.807953825258243,26.939576148986816
4,137,-2656.0,7.938481658022469,27.184311628341675
4,138,1946.0,9.69947204971097,37.2497501373291
4,139,-389.0,9.129106428118424,31.452888011932373
4,140,1260.0,8.036565900761115,27.69470977783203
4,141,127.0,8.780636421680533,31.47684597969055
4,142,-293.0,7.969311536142479,28.124392986297607
4,143,-214.0,9.817117465844692,32.635252475738525
4,144,343.0,8.064383783382628,28.177647352218628
4,145,173.0,6.69343375160778,25.72061777114868
4,146,-9.0,7.30886377531779,27.06010866165161
4,147,-3090.0,6.813691899845271,25.57412552833557
4,148,3109.0,7.1434527222101005,28.244929790496823
4,149,-268.0,8.611829054366979,33.97647976875305
4,150,-684.0,6.500298918538787,24.89099812507629
4,151,853.0,5.975789967274526,25.014651775360107
4,152,-106.0,6.174973026394748,25.837730407714844
4,153,-169.0,7.463106288329824,29.90747880935669
4,154,457.0,6.553750561058375,26.49409580230713
4,155,-132.0,6.729028304398235,26.047821521759037
4,156,-451.0,5.464522399646493,25.345643997192383
4,157,497.0,4.994009678846816,24.25457000732422
4,158,-1238.0,5.2881773778002445,24.55470371246338
4,159,1296.0,5.0053114982250735,24.02066946029663
4,160,-105.0,4.781807950426951,24.844231843948364
4,161,-815.0,5.53212252362911,25.364176273345947
4,162,-1188.0,6.715323675666566,27.970629453659058
4,163,1835.0,4.691131359898892,23.669050693511963
4,164,209.0,4.517046876078137,23.46879911422729
4,165,-258.0,3.845769280941668,22.44627833366394
4,166,-503.0,3.4041184170200744,22.58830690383911
4,167,836.0,5.5354507902117,26.23172187805176
4,168,-9.0,3.895009983448103,23.04914426803589
4,169,-255.0,3.683786265632841,23.032373428344727
4,170,155.0,3.3075063692196727,22.629720449447632
4,171,127.0,4.660222287092257,24.42905831336975
4,172,25.0,3.1482253450366837,22.44080400466919
4,173,-38.0,4.290949333299324,24.59022855758667
4,174,-53.0,3.935254929465291,23.290218353271484
4,175,-319.0,3.889886105357785,23.631229639053345
4,176,98.0,4.425225271247517,24.735371112823486
4,177,222.0,2.978421771091302,22.758453845977783
4,178,-448.0,2.60149708173788,21.987403392791748
4,179,424.0,2.6551560630498026,22.44354486465454
4,180,25.0,2.745167172882633,22.29223656654358
4,181,-699.0,4.585039584422379,25.34630131721497
4,182,630.0,4.174223458099982,24.75181245803833
4,183,-228.0,2.6326478355913943,22.11305832862854
4,184,137.0,3.020383342507152,23.22259497642517
4,185,156.0,2.61502028529388,22.30163288116455
4,186,85.0,2.7447799726488427,22.416202783584595
4,187,-239.0,3.870854920324285,24.66520380973816
4,188,220.0,3.491065005406754,23.60581660270691
4,189,-294.0,2.678483580938357,22.98503470420837
4,190,193.0,6.35218449155241,30.196357250213623
4,191,-132.0,2.5639397487386213,22.25339365005493
4,192,13.0,2.7756290158842662,22.505329847335812
4,193,242.0,2.6403913865890245,22.400675296783447
4,194,-9.0,2.5163410522083995,22.09174418449402
4,195,5.0,2.2272219287330564,21.89588737487793
4,196,32.0,2.216653855993465,22.671186208724976
4,197,-100.0,2.3839140436116364,22.730753660202023
4,198,80.0,2.6276618046524987,22.8193883895874
4,199,-27.0,1.9661685797036617,20.98174214363098
5,0,-4254.0,20.14915839653105,92.43966698646544
5,1,-360.0,20.206559387581844,82.19708943367004
5,2,-4120.0,19.67806982267447,92.12368416786194
5,3,6005.0,19.753139677588827,78.51394009590149
5,4,-832.0,19.187648558641857,89.39889168739319
5,5,996.0,18.28106201701238,82.92534184455872
5,6,-1534.0,19.969356724093107,86.87074279785156
5,7,-846.0,18.136198378970647,87.7996551990509
5,8,3641.0,19.0789934906968,84.70543551445007
5,9,-5899.0,18.534386226482106,80.32975602149963
5,10,2539.0,17.47594667110922,77.47367906570435
5,11,2629.0,17.670893746475336,62.183289766311646
5,12,-4045.0,16.874466735762788,64.50472474098206
5,13,3043.0,17.212476463412465,55.71591591835022
5,14,263.0,16.970479993956925,56.59270715713501
5,15,-6476.0,17.2793607551831,71.9147367477417
5,16,5796.0,16.72011706753861,49.356099128723145
5,17,163.0,16.50829443874744,68.0525803565979
5,18,-3023.0,17.071527535185243,76.38195824623108
5,19,2370.0,16.23657424185383,57.58141374588013
5,20,2684.0,15.118114653131924,58.68567752838135
5,21,-7617.0,16.360966674198046,62.1621036529541
5,22,5506.0,15.278596048994018,60.58634567260742
5,23,-1139.0,16.370703758190743,70.03007054328918
5,24,515.0,16.35418816212857,73.89840388298035
5,25,2725.0,15.14421071161822,44.84393858909607
5,26,-858.0,15.871374202829267,73.90075850486755
5,27,693.0,15.760943662108089,57.99369812011719
5,28,752.0,15.122635232919851,61.732866287231445
5,29,-5453.0,14.960267699587655,56.25498294830322
5,30,3803.0,14.720642257233658,54.32058596611023
5,31,-248.0,15.629873389287388,63.43061995506287
5,32,-101.0,14.331193576375684,67.7554612159729
5,33,-200.0,14.63106415726646,63.91573715209961
5,34,1000.0,15.267133066463137,57.447428703308105
5,35,586.0,13.875941580766025,56.54907274246216
5,36,-2179.0,14.118368415034343,46.14937138557434
5,37,1917.0,14.289194609291457,56.88582849502564
5,38,-3388.0,13.812146693690956,51.26216650009155
5,39,2728.0,14.38900216282246,54.161067485809326
5,40,-602.0,13.92403207531292,43.85648369789124
5,41,1640.0,13.598504387039783,51.58316898345947
5,42,-812.0,13.342263971558127,54.25186848640442
5,43,375.0,13.44075689584605,47.16405987739563
5,44,453.0,14.153410410254445,57.57176566123962
5,45,-2187.0,13.16187151989086,50.31501364707947
5,46,-2105.0,13.2464268901545,44.87064552307129
5,47,3707.0,13.704705942522487,57.38571619987488
5,48,-1309.0,13.275171642232086,54.57660794258118
5,49,673.0,13.36669129323417,48.57249402999878
5,50,-1343.0,13.599672707609924,50.637598514556885
5,51,135.0,12.943331818950636,51.87426471710205
5,52,2911.0,12.602486170572115,43.66792035102844
5,53,-770.0,13.088402787647286,54.347975969314575
5,54,-1728.0,13.30840755257999,56.20343732833862
5,55,-1463.0,12.847559408528143,52.35124444961548
5,56,3030.0,12.7364711579579,54.61555814743042
5,57,-1575.0,12.698467627846975,54.8359272480011
5,58,1514.0,12.583206185476165,52.60223031044006
5,59,438.0,12.443477046435651,47.94094944000244
5,60,-388.0,12.216634507386042,47.87673497200012
5,61,624.0,13.019373469625371,51.90773963928223
5,62,-197.0,12.437790281136513,53.61939215660095
5,63,-491.0,12.693988277102765,42.58360433578491
5,64,262.0,13.173418654361592,40.25042271614075
5,65,-1531.0,11.961671120644148,44.7284152507782
5,66,808.0,12.397394031279044,50.74261164665222
5,67,1130.0,12.44197271374702,53.09819841384888
5,68,-1211.0,12.207568779545966,52.10397171974182
5,69,-51.0,12.401591765370004,51.4699137210846
5,70,-498.0,12.043723693183637,43.01539349555969
5,71,-3395.0,12.315775491278348,46.39849495887756
5,72,5023.0,11.974044289817355,39.97243857383728
5,73,-77.0,11.788008195707413,41.71347784996033
5,74,-579.0,12.018400229340989,37.4099018573761
5,75,-377.0,11.963782763347089,45.62578439712525
5,76,1346.0,11.629129707225031,50.471970319747925
5,77,-270.0,11.654695502834436,41.73841905593872
5,78,394.0,11.78860711380452,49.62636470794678
5,79,-2396.0,12.031159583739818,46.08141303062439
5,80,1973.0,11.300682778020294,41.21910715103149
5,81,-195.0,11.503784980832004,39.77646827697754
5,82,-937.0,10.874248500485283,38.70841836929321
5,83,889.0,11.434618645733275,41.51574230194092
5,84,31.0,11.573296258050537,38.23614931106568
5,85,87.0,11.068622494576369,43.684587717056274
5,86,-718.0,10.991382919646512,45.16223478317261
5,87,81.0,11.238901565148971,45.01172637939453
5,88,-249.0,12.200464639102732,38.86805105209351
5,89,1085.0,11.56365981462059,42.050386905670166
5,90,-370.0,11.124816837165849,40.22198414802551
5,91,-882.0,11.03112081651726,43.8288140296936
5,92,439.0,11.543595146093685,43.35173964500427
5,93,418.0,10.918982424027796,37.98665499687195
5,94,609.0,10.82155112335404,41.528374433517456
5,95,-1230.0,11.276581298771571,39.42166042327881
5,96,-3328.0,11.16687053696348,40.62558579444885
5,97,3723.0,10.66481778927313,40.06207346916199
5,98,26.0,11.092983496486443,39.8402054309845
5,99,-612.0,10.30277052408792,38.168195724487305
5,100,719.0,10.890469974188804,46.52562594413757
5,101,-264.0,10.572729004653027,45.29716086387634
5,102,-298.0,10.741227594150752,39.366857051849365
5,103,-2101.0,11.007903354275603,44.17009854316712
5,104,2124.0,10.28414906204806,38.212634563446045
5,105,92.0,10.559710990790167,39.75950050354004
5,106,270.0,10.584229541642864,36.757720947265625
5,107,1343.0,10.792371926434669,40.10150861740112
5,108,-441.0,10.302655151050176,37.31135678291321
5,109,-892.0,10.668391705410802,33.600022077560425
5,110,830.0,10.286544466616654,40.16935825347901
5,111,406.0,10.636034351882357,38.17007923126221
5,112,-911.0,10.906229250948764,36.98074245452881
5,113,299.0,10.24513286187518,32.5755500793457
5,114,-59.0,10.564670056257578,38.42513704299927
5,115,254.0,10.41466816123662,36.37171578407288
5,116,-300.0,10.942605238412614,42.75340723991394
5,117,-312.0,10.456108074576983,35.944334983825684
5,118,921.0,9.92187399046228,31.346714973449707
5,119,-16.0,10.279132479459689,35.09096384048462
5,120,382.0,10.368781357553948,32.36828064918518
5,121,-1452.0,10.127132676702171,34.4844069480896
5,122,1382.0,10.5660839130137,39.63563776016235
5,123,-2707.0,10.28437156460916,34.526843547821045
5,124,1232.0,10.037414023828042,35.290069818496704
5,125,833.0,9.903022735825182,33.6927502155304
5,126,180.0,8.874510523157605,28.74482607841492
5,127,-1648.0,9.113761611581642,32.205204486846924
5,128,1108.0,9.799439020423314,36.69526982307434
5,129,-3042.0,9.34916258335768,32.63443040847778
5,130,2363.0,9.956990763085942,34.06412744522095
5,131,744.0,9.758366694913468,30.77793502807617
5,132,-2902.0,8.632404218587562,29.07677674293518
5,133,3929.0,9.47634152839534,33.41008400917053
5,134,-1295.0,8.636068698595562,29.491727590560917
5,135,-912.0,9.759234073138728,31.52687430381775
5,136,1517.0,9.242013713032891,31.73082423210144
5,137,267.0,8.193394135453099,27.60089492797852
5,138,-823.0,9.485499774423838,35.096381425857544
5,139,-55.0,9.224463512100314,30.646802186965942
5,140,836.0,9.48285499560483,30.97680759429932
5,141,434.0,9.22264283089149,31.3439621925354
5,142,146.0,9.150688843459625,34.30624842643738
5,143,-848.0,8.077063405303626,28.22672390937805
5,144,132.0,9.253713367024329,30.05399918556213
5,145,-470.0,10.135053876108827,34.21029043197632
5,146,309.0,8.415974793203699,30.074950456619263
5,147,-220.0,7.424546784413615,27.333359003067017
5,148,772.0,8.450823668875232,30.00367569923401
5,149,-824.0,8.967203162514096,30.721583366394043
5,150,-414.0,8.314275997680129,27.79446649551392
5,151,-207.0,7.668046783852922,28.20935440063477
5,152,1563.0,7.544209505438793,31.17447280883789
5,153,-1414.0,8.432212679195594,31.490092754364014
5,154,946.0,6.557250773251636,25.498934507369995
5,155,-2076.0,8.133778133115053,29.94496178627014
5,156,2373.0,8.677701810102393,31.29565978050232
5,157,65.0,8.155958214899313,30.957485914230347
5,158,-1953.0,8.724068195530366,30.48424887657165
5,159,1906.0,7.0420525619983385,26.86965489387512
5,160,-79.0,8.800556031002618,30.748023748397827
5,161,-1612.0,5.997095344616918,25.36700201034546
5,162,647.0,6.647639041147375,27.272360801696777
5,163,906.0,5.116902852655099,24.10569715499878
5,164,-1167.0,8.699083443561006,32.00734806060791
5,165,1491.0,8.49795271918058,32.380799770355225
5,166,-3422.0,6.959760327169265,27.74285626411438
5,167,3609.0,6.536122806780977,26.66920781135559
5,168,-319.0,6.191008394250008,25.527702569961548
5,169,-694.0,5.890321185892408,26.48569059371948
5,170,723.0,7.173751111334734,30.61617612838745
5,171,248.0,5.837003057616795,25.4472873210907
5,172,-235.0,5.190903206045358,24.155900716781616
5,173,344.0,4.713062416990002,23.868375301361084
5,174,-2974.0,8.241419808541343,32.32513451576233
5,175,2839.0,5.832153238057288,25.70365595817566
5,176,-43.0,6.271253091115269,27.86673879623413
5,177,106.0,4.229866025632629,23.20186853408813
5,178,-10.0,4.229686551901756,23.443803548812863
5,179,-307.0,5.513759069258942,27.022762775421143
5,180,137.0,5.196998703324406,26.5397469997406
5,181,84.0,3.355204088334507,23.21291756629944
5,182,56.0,4.1131476125461175,24.295011520385746
5,183,-1327.0,4.0126022268484265,24.065722465515137
5,184,826.0,3.336305043458079,23.182914972305294
5,185,350.0,3.811007586223187,24.40267872810364
5,186,-4368.0,4.084026895876227,24.067178964614868
5,187,4595.0,3.7324219322016448,23.41495656967163
5,188,-951.0,3.7202351672311833,23.27677273750305
5,189,941.0,3.206823429206537,23.016508102416992
5,190,-1245.0,7.885169569719156,36.61577439308167
5,191,1244.0,7.145662133931563,31.03429746627808
5,192,-240.0,3.2478494930520183,22.81470489501953
5,193,178.0,3.035010587020616,22.367923498153687
5,194,-50.0,2.701213972295548,22.282634019851685
5,195,30.0,3.0753250968810897,22.828155279159542
5,196,126.0,2.5474867383777733,22.099812984466556
5,197,-123.0,2.550563698078685,22.267863750457764
5,198,43.0,2.33899536351981,22.005778312683105
5,199,-1912.0,2.633899347899788,22.20791959762573
6,0,-8505.0,19.885710334100303,91.03500723838806
6,1,4858.0,19.488209356551437,75.42301058769226
6,2,-2427.0,19.454843039010782,87.72355461120605
6,3,1320.0,19.46600383180679,73.3186445236206
6,4,1648.0,19.79383273394656,90.26600933074953
6,5,1792.0,18.921375901012865,85.5822868347168
6,6,-2058.0,19.5199771921795,74.46630620956421
6,7,1183.0,18.173582733298066,70.78460955619812
6,8,-2067.0,17.949767016779866,62.13058948516846
6,9,3417.0,19.425365998410246,79.24669742584229
6,10,-3014.0,18.986749721416157,78.74069380760193
6,11,-428.0,17.597479658488542,63.6185405254364
6,12,674.0,18.27283757580885,75.06085014343262
6,13,-1010.0,17.700326192604145,59.63841223716736
6,14,-541.0,16.447934864240413,64.54686498641968
6,15,2043.0,16.761990942064386,74.48444056510925
6,16,-3529.0,17.103381142749626,68.07121801376343
6,17,4731.0,16.498026385721428,72.26280689239502
6,18,-1155.0,16.78887623671916,84.65662097930908
6,19,1405.0,16.36263299946175,72.04289484024048
6,20,-724.0,16.033479259921805,64.98335862159729
6,21,-770.0,16.752131789046484,92.6639416217804
6,22,1706.0,16.107360137184155,63.8804976940155
6,23,-4158.0,15.440050090336683,66.80699324607849
6,24,2239.0,15.632387488292403,72.74437022209167
6,25,-33.0,15.562950950142376,61.15317249298096
6,26,-734.0,15.026726838708436,68.78253388404846
6,27,986.0,15.199924839277418,69.34866571426392
6,28,224.0,15.404515204631236,73.18764543533325
6,29,388.0,14.985482104369218,60.96693754196167
6,30,-448.0,14.726917846546336,55.391279458999634
6,31,-644.0,14.560593975361314,55.594738721847534
6,32,1592.0,14.035465933875454,58.200900077819824
6,33,-2061.0,14.595416611676535,61.40654158592224
6,34,2842.0,14.043413740050845,56.60050082206726
6,35,-397.0,13.256773384946491,58.55924415588379
6,36,-1718.0,14.217527530677742,52.96183776855469
6,37,-2304.0,14.35229653835368,59.15299344062805
6,38,3598.0,13.407130889540854,55.06022357940674
6,39,983.0,13.43756330046948,43.543537616729736
6,40,-659.0,13.3219714941793,54.85142254829407
6,41,-826.0,12.94195416657904,55.831323862075806
6,42,-833.0,13.59564904872549,53.0003068447113
6,43,1861.0,14.111524541416689,56.34904074668884
6,44,244.0,13.23712753003456,67.45383429527283
6,45,188.0,13.012785154506997,53.10668992996216
6,46,-3178.0,13.402069820012144,42.47215962409973
6,47,2902.0,12.446781286252826,48.38196063041687
6,48,-1383.0,13.021265603379543,45.81219625473023
6,49,-443.0,12.51628162419404,49.43466138839722
6,50,-416.0,12.617817151322766,52.12918996810913
6,51,698.0,12.82711614474021,42.467551469802856
6,52,1674.0,13.430090559768455,46.59803247451782
6,53,-2307.0,12.836285310957578,41.74086380004883
6,54,2113.0,12.333251239983491,46.79158639907837
6,55,-3861.0,12.932654051531795,42.92071747779846
6,56,3804.0,12.399128371104243,46.6418731212616
6,57,-1289.0,12.508325512374816,49.19734740257263
6,58,-1677.0,11.936405588771288,47.8534471988678
6,59,2190.0,12.881568949681462,46.44975423812866
6,60,803.0,11.925311236068724,47.03752875328064
6,61,-1074.0,12.647099742006125,39.52448296546936
6,62,1317.0,12.284133659890292,44.404210567474365
6,63,-1752.0,12.74678432344739,43.11598229408264
6,64,1888.0,13.210946953382024,45.20298099517822
6,65,328.0,11.993377393777036,40.27516770362854
6,66,12.0,12.96789881786082,42.55880427360535
6,67,282.0,11.932184842839634,43.688777685165405
6,68,-1287.0,12.179241407950023,48.09447860717773
6,69,-1295.0,12.188347058419538,45.44810080528259
6,70,1239.0,12.070513733135048,42.05694317817688
6,71,-273.0,11.998863066706404,41.62836694717407
6,72,278.0,12.188573709015118,38.072021484375
6,73,-527.0,11.60501501372194,37.849862575531006
6,74,-2794.0,12.10106664764736,38.11794829368591
6,75,4086.0,12.076986179858237,44.42625236511231
6,76,-262.0,11.793429333115496,44.07443833351135
6,77,290.0,12.42032157279223,44.08059072494507
6,78,-2268.0,10.985420887817366,38.944841623306274
6,79,1744.0,11.84753591623516,39.71007299423218
6,80,-76.0,11.77472351295216,38.25900053977966
6,81,-455.0,11.019980666941828,40.0568106174469
6,82,728.0,11.654641776112252,42.06192708015442
6,83,-964.0,12.024383949318398,38.15875196456909
6,84,616.0,11.485579113383492,41.55453276634216
6,85,-364.0,11.658836062056851,42.94264602661133
6,86,696.0,11.274153111504932,45.89099311828613
6,87,1100.0,11.57296345167004,41.88303995132446
6,88,-2126.0,11.5174146663207,35.96397256851196
6,89,-256.0,11.300318801297124,37.49277400970459
6,90,1630.0,11.0015100147087,35.42134666442871
6,91,219.0,10.875393401127182,34.236878871917725
6,92,-65.0,11.047689036982076,42.51031804084778
6,93,-1626.0,11.250899890141469,44.88408088684082
6,94,1501.0,11.311396041687836,40.70394229888916
6,95,223.0,11.326643105537824,35.8795223236084
6,96,-2088.0,11.004832038953026,35.93097496032715
6,97,2134.0,11.02367228235518,37.01144099235535
6,98,-304.0,10.966608129334976,36.67885661125183
6,99,-374.0,11.327981337865664,42.73140621185303
6,100,503.0,11.042377047248785,41.55384469032288
6,101,-279.0,10.926025886619591,40.23725438117981
6,102,-625.0,10.802826277545844,37.6379508972168
6,103,632.0,10.861380713283404,43.74447250366211
6,104,-2804.0,11.103930774178515,36.946386098861694
6,105,3106.0,11.10717899307701,37.81988596916199
6,106,-912.0,10.80501910194974,36.51057577133179
6,107,430.0,10.417718555196243,38.54254341125488
6,108,1050.0,10.799007420160152,36.82663130760193
6,109,-2150.0,10.379671211843467,33.22975301742554
6,110,1383.0,10.012732854545469,35.61925482749939
6,111,643.0,10.739818951744692,33.78054666519165
6,112,-859.0,10.01480707248574,31.33954644203186
6,113,1091.0,9.906396537283246,30.67087316513061
6,114,-78.0,9.753058537738408,31.780025005340576
6,115,-790.0,9.684985102422177,34.23005127906799
6,116,402.0,10.23290737108621,36.38308787345886
6,117,-1028.0,10.448859457652398,34.363879919052124
6,118,891.0,9.25220912830569,28.31766891479492
6,119,-1364.0,10.060243553861005,37.01360988616944
6,120,1368.0,10.1162163525239,36.02863001823425
6,121,383.0,9.58107932461185,38.43449592590332
6,122,-74.0,10.054401592134226,37.95905756950378
6,123,-521.0,9.630098597554532,30.65753126144409
6,124,396.0,9.994220664053454,36.0444438457489
6,125,-1207.0,9.52434759825017,29.964603662490845
6,126,1632.0,8.506686491428436,26.38231110572815
6,127,-404.0,9.037210554687771,29.7283833026886
6,128,214.0,8.471850288568445,28.04624605178833
6,129,10.0,8.303301854112757,28.91738200187683
6,130,-941.0,10.832349940692051,36.11917901039124
6,131,118.0,8.304516998727486,28.77693653106689
6,132,-490.0,7.170580876718322,27.50209856033325
6,133,872.0,7.986544505689589,29.410670042037964
6,134,397.0,7.485105609264167,26.59547448158264
6,135,-324.0,6.814951369075829,26.06318211555481
6,136,-874.0,8.71922924061751,28.77493786811829
6,137,968.0,6.957114628843853,25.888765335083008
6,138,-359.0,8.93444628622918,35.10453462600708
6,139,47.0,7.216248754499941,26.95068073272705
6,140,771.0,6.567348395402682,26.30886721611023
6,141,-1670.0,7.384661184007772,28.946210384368896
6,142,351.0,5.835010373164677,25.161175966262817
6,143,544.0,7.419031988641424,27.663074493408203
6,144,238.0,7.244115041310014,27.760506629943848
6,145,338.0,7.460513727606036,28.9259250164032
6,146,-297.0,7.73337183208419,29.447606563568115
6,147,295.0,6.234120233512913,27.222477912902832
6,148,358.0,5.471615622656365,26.120481491088867
6,149,-15.0,5.392745214746403,24.86429500579834
6,150,-484.0,5.7878899882045935,24.98815512657165
6,151,-1396.0,5.543628764047178,25.447936534881592
6,152,1868.0,5.67688008285492,26.825082063674927
6,153,-175.0,6.967641904458091,28.9848210811615
6,154,91.0,5.0034984737653465,23.47571969032288
6,155,-507.0,4.957677461263598,24.406222820281982
6,156,495.0,5.3645425052579965,25.100383520126343
6,157,-221.0,4.995114537986039,25.65531754493713
6,158,-140.0,4.506343615070598,24.25209856033325
6,159,381.0,4.037613364130327,22.891517162323
6,160,-126.0,4.984264207316016,25.99081802368164
6,161,185.0,4.239339169341834,23.882893085479736
6,162,-1190.0,6.074435981964575,27.60893964767456
6,163,1211.0,3.514619932119244,23.17542624473572
6,164,-126.0,3.869970158135243,23.80558919906616
6,165,-6.0,3.1367540887342664,23.439433097839355
6,166,76.0,4.471399697807639,23.766326189041138
6,167,-40.0,4.218334545796414,23.77900218963623
6,168,-336.0,2.939306803963176,22.817900896072388
6,169,-3246.0,3.579674543702287,23.18099164962769
6,170,3682.0,2.4993750570028808,22.43403387069702
6,171,-152.0,3.7913343371534,23.53428268432617
6,172,-187.0,2.695035611483057,23.08488440513611
6,173,363.0,2.6762109686303304,22.19779896736145
6,174,-170.0,3.08741588441412,23.47047114372253
6,175,36.0,2.5268763631304485,22.086400747299194
6,176,28.0,3.734515200410629,23.25097894668579
6,177,118.0,2.6174319039889,21.654231309890747
6,178,-52.0,4.500609945578623,24.084980249404907
6,179,-30.0,4.291878977274799,23.883400440216064
6,180,5.0,2.5535655689367944,21.57001757621765
6,181,41.0,4.2564591972946815,24.11953592300415
6,182,-1475.0,3.365011532288613,22.398065328598022
6,183,1403.0,2.837403511055898,21.397765159606934
6,184,-4.0,3.613449468704055,22.630577325820923
6,185,107.0,2.2905306113985,21.333332777023315
6,186,-22.0,2.860370193535408,21.857458114624023
6,187,-37.0,2.362865374237717,21.349546909332275
6,188,-104.0,2.310814704615181,21.916170597076416
6,189,163.0,3.097231832932346,22.051485776901245
6,190,-208.0,2.8836806121636265,22.49935507774353
6,191,154.0,2.247876219595258,21.276973962783813
6,192,-92.0,2.232639852151319,22.20519709587097
6,193,-113.0,2.22244179489847,21.68395757675171
6,194,-1018.0,3.069735819481415,22.693426370620728
6,195,1148.0,2.2322684885579003,21.00184535980225
6,196,106.0,2.08860753006346,21.6223578453064
6,197,-19.0,2.36842287528981,21.61150336265564
6,198,35.0,2.9052785250001363,21.99798083305359
6,199,-46.0,2.0490671243495786,20.990598917007446
7,0,-4529.0,20.40132388230858,80.11874604225159
7,1,1594.0,19.10449411925397,59.80932879447937
7,2,-5386.0,19.369506896703736,88.61506509780884
7,3,1992.0,18.69495589938301,72.82108974456787
7,4,1930.0,18.836868355803187,82.92996096611023
7,5,-422.0,19.494557758133872,74.75010395050049
7,6,2754.0,19.27679669132357,78.13540291786194
7,7,-885.0,18.623838003202785,71.0411217212677
7,8,-1741.0,17.740418400178115,68.41668462753296
7,9,556.0,18.172106571803702,67.18259382247925
7,10,1824.0,18.290243092340923,72.11292672157288
7,11,80.0,17.365634504772164,71.66354370117188
7,12,-4814.0,17.554893663805885,73.7761640548706
7,13,5052.0,17.879377979656248,70.10851097106934
7,14,-3767.0,16.921905042078738,59.94134426116944
7,15,2904.0,17.44944033533824,74.5428855419159
7,16,1335.0,17.388165083560153,74.97935438156128
7,17,-628.0,16.963086405231934,74.90248703956604
7,18,321.0,17.043715491526072,78.63617014884949
7,19,-5086.0,17.027599214432527,81.52073192596436
7,20,5739.0,16.187275973635884,75.26451110839844
7,21,-457.0,16.091225026051088,74.37367630004883
7,22,-4605.0,15.922908717317332,68.9242696762085
7,23,2059.0,16.03325231826088,83.58168601989746
7,24,776.0,15.863548475733865,84.49957823753357
7,25,-734.0,15.28506810211497,64.77811336517334
7,26,1261.0,14.914153472776745,77.22298264503479
7,27,-2924.0,15.181375799824943,70.13898396492004
7,28,2661.0,15.063139648166995,71.28401303291321
7,29,1203.0,15.16282301617012,61.548333168029785
7,30,-570.0,15.017037408318611,65.576904296875
7,31,-893.0,14.98909176696676,65.81900429725647
7,32,1107.0,14.068547885882712,68.8780243396759
7,33,72.0,15.033207980184889,60.89591431617737
7,34,-1878.0,14.274585709531769,47.809701681137085
7,35,1658.0,13.887198890246529,68.25184106826782
7,36,-159.0,14.11246162219491,52.12282705307007
7,37,-1008.0,14.708761216910512,66.57707095146179
7,38,1336.0,14.055894273164288,60.25739622116089
7,39,-582.0,14.032883983803565,52.80856513977051
7,40,-595.0,13.925975182770069,52.82938838005066
7,41,2216.0,13.092886161038324,56.60956454277039
7,42,-3185.0,13.54916308746806,58.74655055999756
7,43,1897.0,13.425206141786925,60.6645724773407
7,44,-340.0,13.69602222190418,56.95105385780335
7,45,598.0,13.47717103862328,53.58774161338806
7,46,936.0,13.2390408791271,43.991320848464966
7,47,156.0,13.876045439205722,57.49543952941895
7,48,515.0,13.051095599523745,57.75835800170898
7,49,-4114.0,13.291360007243432,54.73155999183655
7,50,4015.0,12.943027690282602,48.77554488182068
7,51,-1094.0,12.815115988526545,55.13351035118103
7,52,1084.0,13.470092645240822,49.45999813079834
7,53,-1072.0,13.511486286559142,50.261109828948975
7,54,700.0,12.194908178963594,48.00104379653931
7,55,-1547.0,12.278643320646069,44.43366527557373
7,56,687.0,12.867470536922934,48.60238337516785
7,57,596.0,13.297703616197005,50.18720865249634
7,58,722.0,12.268366406016954,52.80113768577576
7,59,-315.0,12.557933651445548,49.51660370826721
7,60,-634.0,11.990392028099158,51.215192556381226
7,61,-461.0,12.805973532784863,42.98752284049988
7,62,1469.0,12.180862841743604,45.447108030319214
7,63,-785.0,12.808960296350431,39.051825284957886
7,64,-326.0,12.349792546791717,43.435290575027466
7,65,-1658.0,12.583295724773508,45.61029410362244
7,66,1344.0,13.307795925044893,45.49183225631714
7,67,-1286.0,11.322337524731315,43.35332703590393
7,68,709.0,12.074260867962847,50.586505651474
7,69,548.0,12.830949325618054,43.133293867111206
7,70,1052.0,12.070553643037478,43.82121968269348
7,71,351.0,12.306579325922824,43.40907263755798
7,72,-842.0,12.771695446074425,39.4608645439148
7,73,438.0,12.707839411263535,41.848262786865234
7,74,-2251.0,12.11787603451739,36.998069047927856
7,75,2815.0,12.267319983076463,42.54032707214356
7,76,-1489.0,11.534600051214998,44.495049715042114
7,77,1302.0,11.819707631980336,38.594153881073
7,78,-625.0,11.789367272018175,37.45535898208618
7,79,-207.0,11.659241207869592,41.71253418922424
7,80,-1277.0,12.036513767920702,41.808709383010864
7,81,1587.0,11.857326819738091,41.84614777565002
7,82,-2128.0,11.588476260975368,37.39278721809387
7,83,1072.0,11.8519950126303,36.69803476333618
7,84,-328.0,12.1197302073665,35.14771127700806
7,85,750.0,10.767752886925972,38.32309222221375
7,86,276.0,11.364033069779271,42.997458934783936
7,87,-990.0,12.05069001960085,42.25050354003906
7,88,1248.0,12.250308119026304,35.98154854774475
7,89,-600.0,11.607968002925228,39.00721693038941
7,90,562.0,11.924805404729527,40.48897624015808
7,91,-673.0,11.543545906997895,38.69447708129883
7,92,505.0,11.71252653042353,40.4770188331604
7,93,-2482.0,11.23876018419854,39.48425078392029
7,94,3175.0,11.633340323820873,38.7762234210968
7,95,-647.0,12.404758548506411,37.41928648948669
7,96,172.0,11.449700497082697,36.16672730445862
7,97,52.0,11.68746119138441,38.04844522476196
7,98,-4297.0,11.257741998128148,41.7463960647583
7,99,4178.0,11.268093788139184,40.12143087387085
7,100,796.0,11.322866279978506,36.388676404953
7,101,-209.0,11.01107499662118,40.32196068763733
7,102,184.0,11.584390230744072,38.34913182258606
7,103,-973.0,11.016111840855109,40.97860598564148
7,104,-287.0,11.159698680441863,37.50533437728882
7,105,666.0,10.576087714896165,32.94622230529785
7,106,-1803.0,10.688046792832946,33.350013971328735
7,107,2729.0,10.33842353079338,33.95318841934204
7,108,-954.0,11.1626062529614,38.849992990493774
7,109,-815.0,11.443673405387935,42.1218376159668
7,110,1635.0,10.784533464777931,35.75896692276001
7,111,-679.0,10.859997228221909,36.93438982963562
7,112,722.0,10.46523841250637,32.011013984680176
7,113,-2666.0,11.27604762198786,34.11576581001282
7,114,2913.0,10.999026486258384,40.7721095085144
7,115,-571.0,10.603338701523766,34.723468542099
7,116,-117.0,10.668818036163804,36.120567083358765
7,117,-1921.0,10.647643540763324,35.05472540855408
7,118,1958.0,10.833689757435993,31.87090039253235
7,119,-1503.0,10.663914779561336,35.41643834114075
7,120,1983.0,10.23123536602496,32.49473857879639
7,121,-1817.0,10.532529500867776,39.03126525878906
7,122,1459.0,11.1230870164085,36.78502726554871
7,123,-184.0,10.664881540846684,33.87981390953064
7,124,-1474.0,10.143710105758098,34.770522594451904
7,125,1695.0,10.674762647216289,33.93007135391235
7,126,-2055.0,10.58363911445643,32.62629580497742
7,127,2392.0,10.464611436240826,35.03346276283264
7,128,-1257.0,9.530343342259057,31.302059412002563
7,129,-382.0,10.282648361247436,33.89843130111694
7,130,600.0,9.654928874135464,32.08392572402954
7,131,33.0,9.066080914641072,29.189432382583615
7,132,-462.0,9.84184784041156,30.22830939292908
7,133,427.0,10.150195048710795,32.98225140571594
7,134,820.0,10.137165607370532,31.685245752334595
7,135,-1387.0,9.891098401478637,31.17458200454712
7,136,980.0,9.92551179149279,32.73427128791809
7,137,150.0,9.553941977945302,29.51725578308105
7,138,-332.0,9.292447310070504,30.91029119491577
7,139,334.0,10.4817478225346,34.44257473945618
7,140,-65.0,9.381107366418536,29.810176134109497
7,141,-1487.0,9.794481889909266,31.737509727478027
7,142,2048.0,9.220652723984069,30.369718313217163
7,143,-382.0,9.043808932074784,29.06290340423584
7,144,536.0,7.723604182720677,26.25162172317505
7,145,-1770.0,9.394932514900768,29.21050429344177
7,146,1275.0,8.622723061347218,27.811890125274655
7,147,-1123.0,7.370349162041734,25.644565105438232
7,148,990.0,7.453311721026929,26.7487907409668
7,149,-1064.0,7.620398156500856,26.89156007766724
7,150,1167.0,7.629210343882007,26.497729063034058
7,151,-1896.0,7.085082296933741,25.609346866607662
7,152,2422.0,7.3869699161667,27.730460166931152
7,153,-437.0,7.670776986766738,26.98905777931213
7,154,275.0,7.58541857851633,27.238747119903564
7,155,-15.0,6.210760205577071,25.028967142105103
7,156,-524.0,7.2732164596772035,27.45443344116211
7,157,-999.0,8.04071451826686,28.304320335388184
7,158,1429.0,6.899578945618125,25.80868673324585
7,159,125.0,5.550866112319016,24.06625533103943
7,160,-324.0,7.65363501470204,28.747408866882324
7,161,265.0,5.76714102176792,24.637829780578613
7,162,-293.0,6.263246536101742,25.264241695404053
7,163,-342.0,6.557173455228418,25.87771844863892
7,164,730.0,6.212235759799932,25.133767127990723
7,165,40.0,5.52733072802635,24.528351068496704
7,166,-977.0,4.869032448311187,23.64668154716492
7,167,1036.0,5.283886535453342,24.02444839477539
7,168,-249.0,4.314028454706934,22.84724187850952
7,169,-1069.0,6.124571166861089,25.91865062713623
7,170,1295.0,4.5042723720497815,24.39676523208618
7,171,-23.0,4.127248798875892,23.5080783367157
7,172,-2031.0,5.160233282041884,24.977707147598267
7,173,2033.0,4.161978814410029,22.765478372573853
7,174,22.0,4.7931665766091,24.421563625335693
7,175,-215.0,6.0833746807508415,25.990888833999637
7,176,-192.0,3.623699527279011,22.631325721740723
7,177,528.0,3.766691208743704,22.52427911758423
7,178,-41.0,2.989180081677263,21.824103116989136
7,179,-948.0,3.4880229446277577,22.40743589401245
7,180,780.0,3.871031629613189,22.92511534690857
7,181,20.0,3.038873988534452,21.97718119621277
7,182,-37.0,3.554317515729017,22.55114483833313
7,183,52.0,3.4907927010697666,22.402685165405277
7,184,-148.0,6.183571918586898,26.97426724433899
7,185,242.0,2.925520626366606,21.861130714416504
7,186,19.0,2.969285312670328,21.93710446357727
7,187,10.0,2.767691773409024,22.454976081848145
7,188,40.0,2.793729137931298,21.68439507484436
7,189,-44.0,3.913321198190799,23.360896110534668
7,190,-110.0,3.22694685489099,22.652130842208862
7,191,-440.0,2.68425027286203,21.75084614753723
7,192,529.0,2.637210996931475,22.129090309143063
7,193,-36.0,3.683258182047304,22.680528163909912
7,194,-2.0,4.828180941869621,24.745623350143436
7,195,-30.0,2.3531042984946007,21.43288373947144
7,196,43.0,2.517216612549743,21.500199556350708
7,197,25.0,2.6366706852572883,21.669135332107544
7,198,-127.0,2.7972058447072827,22.466994524002075
7,199,133.0,2.413239511787125,22.20279145240784
8,0,-2584.0,20.051360569646647,83.53763556480408
8,1,525.0,19.78939324217859,77.81132936477661
8,2,453.0,19.83105027798913,86.82950520515442
8,3,-1504.0,19.153855403713138,74.46204590797424
8,4,-2272.0,18.401643352377484,79.25722336769104
8,5,4513.0,19.005059829302315,77.60826706886292
8,6,-2604.0,18.145770209108008,63.37272572517395
8,7,-716.0,18.121597352161068,76.14828610420227
8,8,1117.0,17.763716773181862,59.15747165679932
8,9,-3842.0,18.19745958659733,69.7151312828064
8,10,164.0,18.379957322197367,67.22920155525208
8,11,3987.0,18.129928741433627,71.11236691474915
8,12,-4768.0,16.96946825696001,73.9296007156372
8,13,6407.0,16.031090043416274,50.37487459182739
8,14,-1335.0,16.305176768397587,53.231205701828
8,15,-4441.0,17.01426445358733,74.602854013443
8,16,503.0,16.548236820574875,56.41910672187805
8,17,2761.0,16.80228741785446,65.83449912071228
8,18,921.0,16.89106450389806,69.22272324562073
8,19,379.0,16.984607562564072,67.04435753822327
8,20,-2511.0,15.5357183001092,62.5226321220398
8,21,1892.0,16.05603796176463,74.8865876197815
8,22,19.0,16.000122992992285,64.88370847702026
8,23,-1693.0,15.386198045631009,63.01950716972351
8,24,1211.0,15.836838716711108,77.04549908638
8,25,166.0,15.371753929284484,56.21822381019592
8,26,652.0,15.202921842343446,66.82658648490906
8,27,-1166.0,15.302213108956042,61.369773387908936
8,28,1643.0,14.491443249896871,57.59627318382263
8,29,-1277.0,14.73726888276933,52.5824146270752
8,30,1457.0,14.796188269103604,60.64530968666077
8,31,340.0,15.048528632997236,70.10114526748657
8,32,-2657.0,14.531602696217616,62.97299075126648
8,33,3055.0,15.207395499882775,60.04870128631592
8,34,-3697.0,14.330274457808343,53.06292581558228
8,35,3233.0,14.682542157329577,54.69368195533752
8,36,-223.0,14.439092125742492,42.34291577339173
8,37,-705.0,13.796417259045365,55.16870260238648
8,38,1111.0,13.872401945311092,50.756417751312256
8,39,-1192.0,13.549487053078176,51.40202808380127
8,40,848.0,13.841200998440824,48.99124360084534
8,41,389.0,13.568109657576857,49.044025182724
8,42,-2769.0,13.851752385187908,49.72717213630676
8,43,23.0,13.931096175006504,50.70965647697449
8,44,2281.0,13.401125901636552,47.83539533615112
8,45,-2642.0,13.826409369416568,57.24480986595154
8,46,1643.0,13.986887543299888,45.04902911186218
8,47,2040.0,13.584914136889465,55.74411034584045
8,48,-860.0,12.87590032513744,49.11124634742737
8,49,-275.0,13.31592037845016,44.34461808204651
8,50,192.0,12.850590399541195,46.87517976760864
8,51,283.0,13.139968454002853,47.31222176551819
8,52,789.0,12.852244250652513,47.601219177246094
8,53,-1902.0,13.072852267080169,47.328996896743774
8,54,1578.0,13.021329227262502,60.87236309051514
8,55,-794.0,12.58602535836288,47.16669487953186
8,56,779.0,12.409406844289322,48.94675302505493
8,57,-5664.0,12.144142353804414,48.7981903553009
8,58,5876.0,12.54871130829932,51.07241153717041
8,59,-672.0,12.55034508965124,43.51097130775452
8,60,381.0,12.281806778226809,53.08751392364502
8,61,-1245.0,12.817411956743126,46.716450452804565
8,62,167.0,12.40139340844898,51.3572838306427
8,63,-1104.0,12.601042076008918,46.8430495262146
8,64,2103.0,12.01254936172866,41.94661092758179
8,65,-893.0,12.57430414469849,48.85173797607422
8,66,386.0,12.60672090571953,47.482078552246094
8,67,716.0,12.41206889343148,48.86959600448608
8,68,-3106.0,12.653333064972037,49.25951623916626
8,69,1994.0,12.242543345569167,50.88500452041626
8,70,-1004.0,11.652312658867668,49.15923881530762
8,71,1305.0,12.218902725027736,47.7003059387207
8,72,-1359.0,12.200566358033226,48.9350163936615
8,73,1338.0,11.879118338036298,43.57218670845032
8,74,-308.0,12.144215312396536,40.06241536140442
8,75,-603.0,11.814671743025285,51.149662256240845
8,76,-815.0,11.978898230668296,51.9056670665741
8,77,1623.0,12.076787449306105,40.68618702888489
8,78,-3502.0,12.016065508976167,47.37904787063599
8,79,4027.0,11.468622729246556,43.95168900489807
8,80,654.0,11.756761403119183,47.25234293937683
8,81,-1359.0,12.23115197820062,43.87117123603821
8,82,890.0,11.11359767892936,37.65426015853882
8,83,-1888.0,12.051563216991692,42.237629890441895
8,84,1989.0,11.80589769667804,37.84737420082092
8,85,498.0,11.412477951290532,49.02278280258179
8,86,-907.0,11.30814428109203,49.81974196434021
8,87,-1434.0,11.743097873678938,46.55676627159119
8,88,281.0,11.576309723162574,42.13080096244812
8,89,-21.0,11.70101128771403,42.1543927192688
8,90,-591.0,11.540535869399484,40.562652349472046
8,91,2368.0,11.487748017460556,39.63843584060669
8,92,502.0,10.88163034391632,38.65349340438843
8,93,-2237.0,10.966818673355274,40.79038310050965
8,94,1468.0,11.028852370163229,38.49533820152283
8,95,-2414.0,11.533173826081043,42.10205888748169
8,96,1873.0,11.111307613134793,36.31653547286987
8,97,-311.0,11.852217593657532,41.32329320907593
8,98,1051.0,10.826365482693342,40.661083459854126
8,99,-1917.0,10.74412172872669,40.12400627136231
8,100,1008.0,10.814675962573917,38.811588525772095
8,101,1216.0,10.885553689304976,41.6425518989563
8,102,-147.0,10.763868097065217,41.72217226028442
8,103,-693.0,11.03718090383151,41.61119914054871
8,104,-579.0,10.391068738415491,43.33812499046326
8,105,850.0,10.70148249935801,45.75907588005066
8,106,547.0,11.010249710646956,41.65143799781799
8,107,-563.0,10.65984084949528,42.750730991363525
8,108,-3905.0,11.010162816645964,45.94267153739929
8,109,4314.0,10.51019291833464,38.32655024528504
8,110,0.0,10.116104637446194,38.12669038772583
8,111,173.0,10.911662055497358,35.609726905822754
8,112,-485.0,10.329740562959085,32.36476922035217
8,113,65.0,10.472074812833403,33.9141857624054
8,114,741.0,10.010853078352843,41.83709073066712
8,115,-420.0,9.65362880520434,38.95548701286316
8,116,-178.0,10.750583731798487,41.88026714324951
8,117,-1332.0,9.960207789175954,36.6154625415802
8,118,1440.0,10.094191627232751,32.76842451095581
8,119,-3.0,10.616192606135328,38.668370723724365
8,120,488.0,9.599684324147596,34.64944815635681
8,121,-37.0,10.69735419988262,40.67582893371582
8,122,38.0,10.677678061637684,39.37291312217712
8,123,-184.0,9.964325706169738,39.42289018630981
8,124,-2269.0,10.276743330864845,34.096187353134155
8,125,967.0,10.434297732880609,36.491374015808105
8,126,92.0,9.122725727910083,30.671398639678955
8,127,-1378.0,9.174135351309811,33.002460956573486
8,128,2569.0,9.780316335096355,33.914746046066284
8,129,-1350.0,9.752052040979724,33.174641847610474
8,130,241.0,10.032062564097714,38.22280955314636
8,131,1024.0,9.567834641388057,33.5470244884491
8,132,164.0,9.788598831334204,35.093576192855835
8,133,97.0,10.137491009629372,40.26969122886658
8,134,-639.0,9.31492832581232,32.44785022735596
8,135,176.0,9.422695755049707,35.04583787918091
8,136,-2721.0,9.172670767412324,34.40193247795105
8,137,2280.0,8.96580483454446,28.762038946151733
8,138,-300.0,8.942250449839849,30.698447227478027
8,139,1085.0,8.756367262165451,29.677985429763797
8,140,415.0,9.229781162391768,30.926647901535038
8,141,-4321.0,9.52498465894028,32.07878804206848
8,142,3657.0,8.764392483374753,29.96187114715576
8,143,-446.0,8.495701605311748,30.43697738647461
8,144,943.0,8.160590567252596,27.697652339935303
8,145,-328.0,8.381981630874371,27.911614656448364
8,146,-1070.0,7.712081230026418,27.653721570968628
8,147,284.0,8.407184475891267,29.986772060394287
8,148,846.0,7.928935784108609,28.076836824417114
8,149,234.0,9.035869733059142,32.14989423751831
8,150,-304.0,7.641236698951052,26.98167133331299
8,151,-2451.0,7.215848900472942,29.28565120697021
8,152,2248.0,8.888620635285543,33.382559061050415
8,153,404.0,7.412951607718269,27.710666179656982
8,154,258.0,6.889314238174525,25.949285745620728
8,155,-368.0,6.615411500608794,26.746663808822632
8,156,332.0,7.168332502053551,27.87897229194641
8,157,96.0,6.912309655455164,27.93102192878723
8,158,-1053.0,6.666405756403992,27.44130277633667
8,159,-483.0,5.7502552905573845,25.89020657539368
8,160,-1138.0,7.670227483405736,30.32601118087769
8,161,2196.0,6.910992157063023,26.187687158584595
8,162,-106.0,7.165843823594482,28.15532803535461
8,163,430.0,5.605510655776113,25.171923637390137
8,164,51.0,6.614548364527907,27.96113395690918
8,165,16.0,5.9828717010267205,25.339425563812256
8,166,-1289.0,5.2988883619148295,24.434234142303467
8,167,1009.0,4.694988830203514,24.288856506347656
8,168,352.0,5.272216188340164,23.255703687667847
8,169,-341.0,6.739403550055567,27.3576078414917
8,170,327.0,4.611655010892516,22.936526775360107
8,171,-169.0,4.667064662339834,22.94485282897949
8,172,-335.0,5.070964071400079,23.143441438674927
8,173,452.0,5.797491138867625,24.35162305831909
8,174,-6.0,7.24721256837674,27.518616437911987
8,175,-11.0,5.554157839236869,24.47907829284668
8,176,143.0,5.934026540460925,25.36664175987244
8,177,-16.0,4.928550077441793,22.894195795059204
8,178,-149.0,3.826030780150392,22.565126419067383
8,179,46.0,3.86283066280062,23.30025291442871
8,180,-200.0,3.8071219439661466,22.865764379501343
8,181,374.0,3.538999326591063,23.14792776107788
8,182,-45.0,3.95053435743008,23.343543529510494
8,183,-118.0,3.5667517446612997,22.538635969161987
8,184,-168.0,3.5043215650038726,23.83848810195923
8,185,303.0,2.5039254134170625,22.93827486038208
8,186,-56.0,3.639059684825071,23.20273995399475
8,187,-6.0,4.805904420280208,25.383667469024655
8,188,6.0,3.669142844049587,23.903254508972168
8,189,-22.0,2.914197334727026,21.74366807937622
8,190,-210.0,3.723033631721993,23.587404012680054
8,191,324.0,2.7425657120035662,22.742094039916992
8,192,-180.0,6.967521816388351,28.56969690322876
8,193,167.0,2.698934484084246,22.86705493927002
8,194,-105.0,2.5723426255092248,22.09381055831909
8,195,9.0,2.5779039495706977,21.612229108810425
8,196,-55.0,2.1546794791315538,24.45395255088806
8,197,-459.0,2.399574289095393,21.431972980499268
8,198,584.0,2.2703638261081696,21.449655532836918
8,199,-5.0,2.509146257890766,21.61262440681457
9,0,-2243.0,20.45910480756067,81.82847547531128
9,1,-119.0,20.054952441267016,73.13153147697449
9,2,-2144.0,19.19936539475477,72.39750003814697
9,3,-4514.0,19.65038464159636,66.26705265045166
9,4,4704.0,19.246393798023053,77.3322970867157
9,5,-483.0,18.99488574359785,64.28456044197083
9,6,-324.0,18.220130766656144,65.88707113265991
9,7,-2493.0,19.119527812165988,64.6388635635376
9,8,5140.0,19.319858043086796,72.1812903881073
9,9,1144.0,17.16050608635887,61.42019248008728
9,10,-516.0,17.86062584550301,62.68334484100342
9,11,1058.0,17.290279544645717,57.074400663375854
9,12,-2205.0,17.943875883792867,63.25880455970764
9,13,302.0,16.326600840965373,48.4885470867157
9,14,-1984.0,17.56759222340941,56.198493242263794
9,15,251.0,16.753307990507302,68.09708976745605
9,16,297.0,16.527363918336462,54.763877153396606
9,17,3513.0,16.333133850729006,67.72984981536865
9,18,-6500.0,16.174827409170188,62.8501296043396
9,19,4448.0,15.809784881342429,54.00239872932434
9,20,-660.0,15.79011445496042,58.173171043396
9,21,-122.0,15.48423599826517,56.83028221130371
9,22,-5325.0,16.395694230572293,56.06337213516235
9,23,6063.0,15.62377394013792,61.3886308670044
9,24,1756.0,15.52288407865096,72.22282600402832
9,25,-1852.0,14.601373050294614,49.36972498893738
9,26,1779.0,14.839727515596282,63.10022854804993
9,27,-513.0,15.473544930212864,52.76120090484619
9,28,-7307.0,14.78238606832467,50.02563452720642
9,29,7015.0,14.651688883148482,53.66461205482483
9,30,-6041.0,14.019035195068868,50.17341995239258
9,31,5957.0,14.163801451654358,49.22778010368347
9,32,516.0,13.840417460169377,53.5894718170166
9,33,-4966.0,14.321143346781774,45.0046021938324
9,34,3043.0,13.912457885301317,44.60909461975098
9,35,-3310.0,13.942086221429784,53.95679974555969
9,36,3392.0,13.94668377294817,47.96218848228455
9,37,868.0,13.940454812962733,51.39462327957153
9,38,1003.0,13.357879466478355,42.92860531806946
9,39,-75.0,12.96116495515572,41.6316933631897
9,40,-2237.0,13.227642236678358,43.51945233345032
9,41,1079.0,13.141609093306691,48.38034105300903
9,42,1950.0,12.99801171181266,44.12793922424317
9,43,-1138.0,12.923864008011806,40.01591730117798
9,44,76.0,13.319117865087543,46.57675814628601
9,45,252.0,13.04353769963786,40.819820404052734
9,46,-1241.0,13.643812110946524,48.07264757156372
9,47,1355.0,12.545257246508127,45.913156032562256
9,48,368.0,13.198808230994924,42.27805399894714
9,49,-1783.0,12.984585975286842,47.55909204483032
9,50,904.0,12.897464569430726,41.566153049468994
9,51,-1619.0,13.119025223912317,41.14200019836426
9,52,1332.0,13.260239818583942,40.950668811798096
9,53,-1888.0,12.594332005655383,40.02949500083923
9,54,2335.0,12.981097500940686,39.5442750453949
9,55,-2733.0,12.222864647253102,38.41396498680115
9,56,-1551.0,12.042167306175305,41.91569471359253
9,57,4693.0,12.209218993670474,42.0017626285553
9,58,-1569.0,12.076625518376911,38.3165135383606
9,59,1750.0,11.910661069594196,38.94003105163574
9,60,-801.0,12.547597532035455,55.69516253471375
9,61,1358.0,12.358928634269136,41.42734694480896
9,62,-641.0,12.14359515194949,42.01321792602539
9,63,-1425.0,12.76701474584959,42.97890448570252
9,64,1394.0,12.465475045962997,36.95289349555969
9,65,707.0,11.97096879957035,40.54380440711975
9,66,-2728.0,13.10171546241208,47.3376407623291
9,67,2100.0,12.11534259850571,47.66251707077026
9,68,-2329.0,11.679946565700368,45.36025309562683
9,69,2233.0,11.697150062936682,43.83258938789368
9,70,-462.0,12.256436472446284,50.04711437225342
9,71,-310.0,11.771291201770447,41.272486209869385
9,72,470.0,12.39183788826508,41.09948945045471
9,73,627.0,11.87782290309071,36.379422187805176
9,74,-1100.0,12.230471909544864,38.38986086845398
9,75,962.0,11.73814226316055,43.40501165390015
9,76,-1910.0,11.725984526384456,40.18262457847595
9,77,1747.0,11.66024397561005,35.327784299850464
9,78,264.0,11.54094602837334,35.959614515304565
9,79,-1120.0,12.122884377735444,46.28784418106079
9,80,231.0,11.300868562860405,34.15340757369995
9,81,470.0,11.053723356538889,39.87208151817322
9,82,171.0,11.372168145710136,40.10864901542664
9,83,-2287.0,11.830837288895896,39.52403163909912
9,84,3346.0,11.231698298152448,33.464261531829834
9,85,-815.0,10.975829534506072,39.695666551589966
9,86,-1740.0,11.3638271069582,41.07930111885071
9,87,1816.0,11.852535032215176,36.758718967437744
9,88,-496.0,11.126366340619851,32.79957437515259
9,89,261.0,11.55461339422438,34.71556377410889
9,90,-1222.0,11.301567028278436,37.66553711891174
9,91,1968.0,11.350518213202482,37.6119327545166
9,92,-731.0,11.627002593566358,37.21429443359375
9,93,223.0,11.4282150041045,41.80792593955994
9,94,-1301.0,11.16252718560437,35.24228310585022
9,95,1610.0,11.66457609471854,32.748985052108765
9,96,-203.0,11.383011827715883,33.737998247146606
9,97,-242.0,10.919872068574714,33.62996959686279
9,98,87.0,10.885378447570613,32.75848150253296
9,99,-1971.0,11.084591283912,36.702433586120605
9,100,1197.0,11.281180251058911,37.93418073654175
9,101,640.0,10.834967176772489,36.61225485801697
9,102,339.0,11.156770398755222,37.21109890937805
9,103,315.0,10.808760441642926,40.705888509750366
9,104,-1262.0,10.599033084376464,35.08762812614441
9,105,1445.0,10.395974634801384,34.012572288513184
9,106,-2601.0,10.875984630795289,37.63944268226624
9,107,1837.0,11.725143590997122,48.96351599693298
9,108,366.0,10.835392966495371,35.639280796051025
9,109,-562.0,10.249423033351048,32.80794286727905
9,110,496.0,10.76179785802405,36.317866563797
9,111,309.0,11.227673090462956,34.61601138114929
9,112,-2594.0,10.999801840133244,43.775235176086426
9,113,2461.0,10.303236867568506,32.17235779762268
9,114,-2091.0,9.865631748760553,35.245699644088745
9,115,867.0,9.863616374875518,34.76780033111572
9,116,456.0,9.881370485853198,33.32757496833801
9,117,-620.0,9.954772707953886,35.45912003517151
9,118,695.0,10.29624588668217,30.661317586898804
9,119,739.0,10.613362796008962,32.84051156044006
9,120,-2502.0,10.337100715112657,33.04069256782532
9,121,2522.0,10.376737097875395,33.21108365058899
9,122,-2.0,10.437410639416983,35.86224555969238
9,123,-1200.0,9.986547789475903,31.9775652885437
9,124,1136.0,9.605205250261164,31.207711458206177
9,125,-314.0,10.368120346795992,34.71520757675171
9,126,566.0,9.197861021961046,29.018918991088867
9,127,-596.0,9.818107469961593,34.17050313949585
9,128,-265.0,9.122855932452026,32.12822413444519
9,129,-375.0,8.667081925941325,29.975688219070435
9,130,187.0,10.007677650405858,31.62726593017578
9,131,747.0,9.413873011871711,31.10980534553528
9,132,-906.0,9.863397854546156,37.7274341583252
9,133,1014.0,8.815451234939182,30.524476289749146
9,134,-91.0,9.599941940458343,32.27129507064819
9,135,-85.0,8.842521430244418,30.46545004844665
9,136,183.0,7.807953825258243,26.939576148986816
9,137,-2656.0,7.938481658022469,27.184311628341675
9,138,1946.0,9.69947204971097,37.2497501373291
9,139,-389.0,9.129106428118424,31.452888011932373
9,140,1260.0,8.036565900761115,27.69470977783203
9,141,127.0,8.780636421680533,31.47684597969055
9,142,-293.0,7.969311536142479,28.124392986297607
9,143,-214.0,9.817117465844692,32.635252475738525
9,144,343.0,8.064383783382628,28.177647352218628
9,145,173.0,6.69343375160778,25.72061777114868
9,146,-9.0,7.30886377531779,27.06010866165161
9,147,-3090.0,6.813691899845271,25.57412552833557
9,148,3109.0,7.1434527222101005,28.244929790496823
9,149,-268.0,8.611829054366979,33.97647976875305
9,150,-684.0,6.500298918538787,24.89099812507629
9,151,853.0,5.975789967274526,25.014651775360107
9,152,-106.0,6.174973026394748,25.837730407714844
9,153,-169.0,7.463106288329824,29.90747880935669
9,154,457.0,6.553750561058375,26.49409580230713
9,155,-132.0,6.729028304398235,26.047821521759037
9,156,-451.0,5.464522399646493,25.345643997192383
9,157,497.0,4.994009678846816,24.25457000732422
9,158,-1238.0,5.2881773778002445,24.55470371246338
9,159,1296.0,5.0053114982250735,24.02066946029663
9,160,-105.0,4.781807950426951,24.844231843948364
9,161,-815.0,5.53212252362911,25.364176273345947
9,162,-1188.0,6.715323675666566,27.970629453659058
9,163,1835.0,4.691131359898892,23.669050693511963
9,164,209.0,4.517046876078137,23.46879911422729
9,165,-258.0,3.845769280941668,22.44627833366394
9,166,-503.0,3.4041184170200744,22.58830690383911
9,167,836.0,5.5354507902117,26.23172187805176
9,168,-9.0,3.895009983448103,23.04914426803589
9,169,-255.0,3.683786265632841,23.032373428344727
9,170,155.0,3.3075063692196727,22.629720449447632
9,171,127.0,4.660222287092257,24.42905831336975
9,172,25.0,3.1482253450366837,22.44080400466919
9,173,-38.0,4.290949333299324,24.59022855758667
9,174,-53.0,3.935254929465291,23.290218353271484
9,175,-319.0,3.889886105357785,23.631229639053345
9,176,98.0,4.425225271247517,24.735371112823486
9,177,222.0,2.978421771091302,22.758453845977783
9,178,-448.0,2.60149708173788,21.987403392791748
9,179,424.0,2.6551560630498026,22.44354486465454
9,180,25.0,2.745167172882633,22.29223656654358
9,181,-699.0,4.585039584422379,25.34630131721497
9,182,630.0,4.174223458099982,24.75181245803833
9,183,-228.0,2.6326478355913943,22.11305832862854
9,184,137.0,3.020383342507152,23.22259497642517
9,185,156.0,2.61502028529388,22.30163288116455
9,186,85.0,2.7447799726488427,22.416202783584595
9,187,-239.0,3.870854920324285,24.66520380973816
9,188,220.0,3.491065005406754,23.60581660270691
9,189,-294.0,2.678483580938357,22.98503470420837
9,190,193.0,6.35218449155241,30.196357250213623
9,191,-132.0,2.5639397487386213,22.25339365005493
9,192,13.0,2.7756290158842662,22.505329847335812
9,193,242.0,2.6403913865890245,22.400675296783447
9,194,-9.0,2.5163410522083995,22.09174418449402
9,195,5.0,2.2272219287330564,21.89588737487793
9,196,32.0,2.216653855993465,22.671186208724976
9,197,-100.0,2.3839140436116364,22.730753660202023
9,198,80.0,2.6276618046524987,22.8193883895874
9,199,-27.0,1.9661685797036617,20.98174214363098
